Accession Number	Spp	Number of Proteins in Genome	Number of Hits to Genome	Percent Proteins Hit
Number of genomes in database: 5870
NC_011165	Pseudomonas phage LBL3	88	221	80.68
NC_019503	Escherichia phage ime09	268	91	11.19
NC_024625	Peridroma alphabaculovirus	139	40	3.60
NC_007817	Enterobacteria phage ID2 Moscow/ID/2001	11	11	90.91
NC_002321	Staphylococcus phage PVL	62	35	12.90
NC_022987	Xylella phage Prado	52	41	19.23
NC_023737	Mycobacterium phage Pleione	238	104	5.88
NC_021534	Vibrio phage pYD38-A	77	99	14.29
NC_002484	Pseudomonas phage D3	99	156	15.15
NC_024381	Pseudomonas phage vB_PaeS_SCH_Ab26	52	56	23.08
NC_023736	Ralstonia phage RSB2	52	72	13.46
NC_019769	Enterobacteria phage HK542	57	57	22.81
NC_005839	Agrotis segetum granulovirus	132	15	3.03
NC_021340	Halovirus HHTV-2	88	30	2.27
NC_011142	Iodobacteriophage phiPLPE	84	72	11.90
NC_019708	Enterobacteria phage mEp235	61	119	21.31
NC_025375	Stygiolobus rod-shaped virus	37	7	2.70
NC_021305	Mycobacterium phage Murphy	146	131	8.22
NC_006936	Lactobacillus virus phiJL1	46	10	6.52
NC_001618	UR2 sarcoma virus	2	2	50.00
NC_025420	Lactobacillus phage Ld17	50	27	16.00
NC_011287	Mycobacterium phage Pacc40	101	49	7.92
NC_024906	Rose leaf rosette-associated virus	13	20	7.69
NC_021310	Mycobacterium phage Newman	97	13	7.22
NC_000898	Human betaherpesvirus 6B	104	1	0.96
NC_009554	Lactobacillus phage LL-H	51	24	11.76
NC_024790	Escherichia phage vB_EcoP_PhAPEC7	83	58	33.73
NC_001664	Human betaherpesvirus 6A	88	1	1.14
NC_011222	Bacteroides phage B40-8	46	60	10.87
NC_003315	Haemophilus phage HP2	37	12	8.11
NC_023601	Pseudomonas phage phiPsa374	173	99	13.29
NC_003102	Spodoptera litura nucleopolyhedrovirus	141	83	2.84
NC_012663	Lactococcus phage P087	88	62	3.41
NC_007145	Burkholderia virus phi52237	47	21	27.66
NC_021323	Staphylococcus phage StauST398-2	62	63	16.13
NC_009018	Streptococcus phage phi3396	64	29	9.38
NC_009552	Geobacillus virus E2	71	148	18.31
NC_020853	Loktanella phage pCB2051-A	76	49	13.16
NC_024122	Salmonella phage vB_SalM_SJ3	210	34	7.14
NC_011373	Pseudomonas phage PAJU2	79	101	18.99
NC_021531	Cronobacter phage CR5	231	131	4.76
NC_019402	Cronobacter phage vB_CsaP_GAP52	115	183	20.00
NC_028748	Bacillus phage vB_BtS_BMBtp3	76	11	6.58
NC_015290	Prochlorococcus phage P-SSM7	237	840	32.91
NC_021312	Phaeocystis globosa virus	434	975	25.58
NC_020198	Pseudomonas phage JBD30	56	8	10.71
NC_001716	Human betaherpesvirus 7	86	9	2.33
NC_011644	Equid alphaherpesvirus 9	80	25	3.75
NC_015264	Pseudomonas phage phiIBB-PF7A	52	29	15.38
NC_026924	Synechococcus phage ACG-2014g	216	640	34.72
NC_013021	Cyanophage PSS2	131	158	12.21
NC_021540	Vibrio phage JA-1	79	41	17.72
NC_019411	Caulobacter virus Swift	343	160	9.33
NC_002531	Alcelaphine gammaherpesvirus 1	71	11	2.82
NC_018861	Campylobacter phage CP30A	162	30	12.35
NC_015159	Vibrio phage ICP3	54	57	16.67
NC_023703	Mycobacterium phage Dori	94	28	5.32
NC_021775	Salmonella phage FSL SP-031	59	46	20.34
NC_021804	Cellulophaga phage phi39:1	48	69	18.75
NC_019927	Cronobacter phage ENT47670	46	100	23.91
NC_020860	Cellulophaga phage phiSM	59	50	15.25
NC_014564	Turkey adenovirus 1	37	7	2.70
NC_024134	Escherichia phage FFH2	218	64	9.63
NC_020854	Cyanophage KBS-S-2A	64	186	48.44
NC_001826	Murid gammaherpesvirus 4	80	16	3.75
NC_024121	Serratia phage PS2	275	75	10.18
NC_001420	Enterobacteria phage G4 sensu lato	11	11	90.91
NC_002816	Cydia pomonella granulovirus	143	7	2.10
NC_023705	Mycobacterium phage Liefie	61	22	9.84
NC_025455	Synechococcus phage S-CBP2	53	64	24.53
NC_020416	Salmonella phage vB_SenMS16	268	72	11.19
NC_028990	Enterococcus phage vB_EfaS_IME196	57	28	10.53
NC_003291	Listeria phage 2389	59	25	5.08
NC_020839	Rhodobacter phage RC1	56	69	19.64
NC_022065	Mycobacterium phage Contagion	140	130	8.57
NC_011292	Mycobacterium phage Konstantine	95	25	4.21
NC_020489	Rhodobacter phage RcapNL	64	22	12.50
NC_015253	Brochothrix phage A9	199	34	5.03
NC_024794	Escherichia phage vB_EcoM_PhAPEC2	254	123	11.42
NC_004456	Vibrio phage VHML	57	26	14.04
NC_016163	Yersinia phage phiR1-37	367	124	4.36
NC_007149	Vibriophage VP4	31	55	29.03
NC_025115	Ralstonia phage RSY1	49	78	24.49
NC_005841	Enterobacteria phage ST104	63	77	12.70
NC_009526	Staphylococcus phage 80alpha	73	34	8.22
NC_027996	Campylobacter virus CPt10	196	28	6.63
NC_019512	Helicobacter phage 1961P	33	22	9.09
NC_015286	Synechococcus phage Syn19	215	696	32.56
NC_007049	Staphylococcus phage 53	74	32	8.11
NC_022058	Mycobacterium phage Adzzy	96	52	10.42
NC_006963	Blackberry yellow vein-associated virus	9	14	11.11
NC_013647	Klebsiella phage KP32	44	50	15.91
NC_008168	Choristoneura occidentalis granulovirus	116	9	1.72
NC_022096	Pseudomonas phage PaBG	308	185	4.22
NC_009877	Mycobacterium phage U2	81	42	9.88
NC_008603	Paramecium bursaria Chlorella virus FR483	849	788	10.60
NC_019421	Clostridium phage phiMMP02	76	60	5.26
NC_001798	Human alphaherpesvirus 2	77	16	2.60
NC_023615	Invertebrate iridescent virus 22	174	194	11.49
NC_013648	Enterococcus phage phiFL3A	64	36	10.94
NC_006949	Enterobacteria phage ES18	79	59	13.92
NC_006565	Lactobacillus virus LP65	165	21	7.27
NC_023552	Mycobacterium phage Donovan	78	52	7.69
NC_023725	Mycobacterium phage Nappy	234	107	7.26
NC_019719	Enterobacteria phage HK633	67	57	14.93
NC_022982	Xylella phage Paz	51	41	29.41
NC_005893	Lactobacillus phage phiAT3	55	17	9.09
NC_021311	Mycobacterium phage Phaux	145	137	8.97
NC_021221	Fowl aviadenovirus 5	39	1	2.56
NC_008376	Geobacillus phage GBSV1	54	25	16.67
NC_023587	Synechococcus phage ACG-2014h	221	578	34.39
NC_019550	Liberibacter phage SC2	47	40	17.02
NC_020841	Psychrobacter phage pOW20-A	71	155	11.27
NC_008194	Mycobacterium virus 244	142	107	8.45
NC_003310	Monkeypox virus Zaire-96-I-16	191	126	4.71
NC_015271	Salmonella phage Vi06	47	9	17.02
NC_003309	Burkholderia virus phiE125	71	149	26.76
NC_019525	Bdellovibrio phage phi1422	76	54	10.53
NC_024329	Podovirus Lau218	48	135	20.83
NC_025452	Dickeya phage RC-2014	196	46	10.71
NC_018838	Propionibacterium phage P100_A	45	7	8.89
NC_022071	Mycobacterium phage Crossroads	133	32	8.27
NC_003313	Vibrio phage K139	44	2	2.27
NC_014636	Aeromonas phage phiAS5	343	159	10.20
NC_005178	Pseudomonas phage D3112	55	10	12.73
NC_013638	Pseudomonas phage phi-2	43	17	9.30
NC_018504	Apocheima cinerarium nucleopolyhedrovirus	117	6	3.42
NC_012868	Enterobacteria phage St-1	11	7	63.64
NC_023699	Mycobacterium phage SG4	105	90	11.43
NC_023554	Mycobacterium phage JAMaL	98	25	6.12
NC_023577	Mycobacterium phage Obama12	89	121	15.73
NC_023706	Rhodococcus phage ReqiDocB7	105	18	5.71
NC_022763	Bacillus phage Spock	283	100	5.65
NC_004117	Mamestra configurata nucleopolyhedrovirus B	168	30	3.57
NC_011269	Mycobacterium phage ScottMcG	221	104	6.79
NC_023720	Mycobacterium phage Perseus	92	43	8.70
NC_003494	Infectious spleen and kidney necrosis virus	125	35	5.60
NC_024784	Escherichia phage vB_EcoS_AHS24	81	30	11.11
NC_019398	Cronobacter phage vB_CsaM_GAP161	275	116	14.55
NC_007383	Trichoplusia ni single nucleopolyhedrovirus	145	21	3.45
NC_005891	Vibrio phage VP5	48	31	12.50
NC_018841	Propionibacterium phage P101A	47	3	4.26
NC_022338	Propionibacterium phage PHL060L00	46	5	6.52
NC_017974	Cronobacter phage CR3	265	92	9.06
NC_024697	Aureococcus anophagefferens virus	376	613	14.10
NC_004812	Macacine alphaherpesvirus 1	75	20	4.00
NC_022067	Mycobacterium phage Wanda	240	129	6.67
NC_023602	Mycobacterium phage 32HC	86	41	8.14
NC_018875	Epinotia aporema granulovirus	132	9	2.27
NC_016072	Megavirus chiliensis	1120	1401	9.55
NC_021558	Paenibacillus phage PG1	67	11	5.97
NC_023502	Rhizobium phage vB_RleS_L338C	181	97	9.39
NC_023607	Mycobacterium phage 40AC	90	95	13.33
NC_025467	Enterococcus phage vB_Efae230P-4	25	1	4.00
NC_022323	Escherichia phage JES2013	220	69	10.45
NC_000929	Escherichia virus Mu	55	26	16.36
NC_023426	Anomala cuprea entomopoxvirus	263	339	1.90
NC_008574	Ralstonia phage RSM1	15	17	6.67
NC_020848	Vibrio phage VBP47	115	61	15.65
NC_019513	Staphylococcus phage SMSAP5	42	51	21.43
NC_021348	Mycobacterium phage ArcherS7	237	101	6.33
NC_021344	Escherichia phage Lw1	273	87	10.62
NC_025449	Escherichia phage ECML-134	270	83	9.63
NC_023610	Erwinia phage PhiEaH1	241	96	5.39
NC_025466	Shewanella sp. phage 3/49	70	64	20.00
NC_018272	Nonlabens phage P12024L	58	186	43.10
NC_018847	Propionibacterium phage ATCC29399B_T	46	4	6.52
NC_024451	Armadillidium vulgare iridescent virus	203	161	10.84
NC_025458	Shewanella sp. phage 1/41	69	33	20.29
NC_015457	Shigella phage Shfl2	265	90	10.94
NC_015719	Escherichia phage K30	49	39	12.24
NC_012788	Mycobacterium phage Angel	61	22	9.84
NC_013643	Enterococcus phage phiFL2A	63	31	9.52
NC_023553	Mycobacterium phage Echild	100	67	8.00
NC_005882	Burkholderia virus BcepMu	53	37	16.98
NC_019506	Clostridium phage phiCP13O	55	29	10.91
NC_014637	Cafeteria roenbergensis virus BV-PW1	544	1065	15.62
NC_013694	Mycobacterium phage Peaches	86	128	17.44
NC_022968	Escherichia phage 4MG	271	115	8.86
NC_019921	Staphylococcus phage phi5967PVL	42	11	11.90
NC_024486	Duck adenovirus 2	36	4	2.78
NC_007048	Staphylococcus phage 69	69	4	2.90
NC_013645	Streptococcus phage Abc2	48	10	8.33
NC_015285	Prochlorococcus phage Syn33	227	648	35.68
NC_023600	Mycobacterium phage Jolie1	98	29	5.10
NC_020199	Staphylococcus phage phi7401PVL	44	62	20.45
NC_012223	Escherichia virus SSL2009a	67	36	13.43
NC_019448	Staphylococcus phage GH15	214	55	4.21
NC_023568	Vibrio phage VH7D	327	243	14.68
NC_019723	Enterobacteria phage HK630	69	34	13.04
NC_024789	Escherichia phage vB_EcoS_AKS96	74	38	9.46
NC_008203	Mycobacterium phage Che12	98	46	10.20
NC_016658	Cyanophage NATL1A-7	65	36	18.46
NC_001909	Lactococcus virus bIL170	64	24	4.69
NC_001491	Equid alphaherpesvirus 1	80	24	3.75
NC_011166	Pseudomonas phage LMA2	94	226	82.98
NC_024217	Nitrincola phage 1M3-16	144	76	10.42
NC_020838	Synechococcus phage S-RIP2	54	193	25.93
NC_006883	Prochlorococcus phage P-SSM2	334	1166	35.33
NC_021332	Staphylococcus phage StauST398-3	69	16	5.80
NC_001271	Yersinia phage phiYeO3-12	59	103	15.25
NC_007151	Chrysodeixis chalcites nucleopolyhedrovirus	151	30	3.97
NC_019450	Pseudomonas phage JG004	161	81	12.42
NC_005857	Klebsiella phage phiKO2	64	69	21.88
NC_004928	Enterobacteria phage RB69	273	84	9.52
NC_023701	Mycobacterium phage Acadian	97	68	9.28
NC_015294	Pseudomonas phage PAK_P1	181	80	11.05
NC_017940	European catfish virus	136	98	9.56
NC_023710	Mycobacterium phage RidgeCB	94	22	7.45
NC_020843	Vibrio phage 11895-B1	196	71	6.63
NC_024386	Leuconostoc phage phiLN25	41	11	7.32
NC_004003	Goatpox virus Pellor	150	34	4.67
NC_003389	Swinepox virus	150	84	4.67
NC_020486	Synechococcus phage S-RIM8 A.HR1	211	662	31.75
NC_003356	Enterobacteria phage phiP27	58	105	24.14
NC_023580	Mycobacterium phage Saal	101	52	8.91
NC_020846	Vibrio phage pYD21-A	74	48	10.81
NC_021319	Halovirus HCTV-2	86	25	2.33
NC_020847	Prochlorococcus phage MED4-184	59	74	32.20
NC_026928	Synechococcus phage ACG-2014e	213	604	35.21
NC_021561	Vibrio phage pYD38-B	57	40	12.28
NC_019721	Enterobacterial phage mEp390	59	64	20.34
NC_007064	Staphylococcus phage 92	64	26	9.38
NC_005337	Bovine papular stomatitis virus	131	19	2.29
NC_022086	Mycobacterium phage LittleCherry	87	55	10.34
NC_023571	Oenococcus phage phiS11	59	42	10.17
NC_001847	Bovine alphaherpesvirus 1	70	27	2.86
NC_025471	Idiomarinaceae phage Phi1M2-2	65	38	13.85
NC_000852	Paramecium bursaria Chlorella virus 1	802	847	10.35
NC_008201	Mannheimia phage phiMHaA1	49	37	22.45
NC_023606	Mycobacterium phage CRB1	94	73	9.57
NC_015283	Prochlorococcus phage P-RSM4	239	756	33.05
NC_012027	Mycobacterium phage Phlyer	103	28	4.85
NC_023503	Streptococcus phage 20617	68	84	7.35
NC_023693	Enterobacteria phage phi92	250	309	10.00
NC_008252	Neodiprion abietis NPV	93	1	1.08
NC_004105	Ectromelia virus	173	129	5.20
NC_021067	Vibrio phage helene 12B3	263	104	6.84
NC_002665	Bovine gammaherpesvirus 4	79	10	5.06
NC_009603	Microbacterium phage Min1	77	63	12.99
NC_008206	Mycobacterium phage Wildcat	148	49	4.73
NC_021794	Cellulophaga phage phi18:3	123	101	15.45
NC_016656	Cyanophage P-SSP2	56	43	19.64
NC_027351	Salmonella phage SSE121	242	114	10.33
NC_019422	Clostridium phage phiMMP04	51	14	9.80
NC_007051	Staphylococcus phage 2638A	57	35	12.28
NC_019710	Enterobacteria phage HK140	71	44	22.54
NC_011756	Pseudomonas phage SN	92	226	79.35
NC_012742	Xanthomonas phage phiL7	58	81	31.03
NC_008562	Microcystis aeruginosa phage Ma-LMM01	184	133	11.41
NC_023569	Vibrio phage SHOU24	96	30	7.29
NC_015208	Pseudomonas phage phi15	50	40	14.00
NC_006820	Synechococcus phage S-PM2	244	574	31.56
NC_008584	Thermus phage phiYS40	170	118	5.29
NC_000872	Streptococcus phage Sfi21	50	9	10.00
NC_009233	Heliothis virescens ascovirus 3e	180	15	2.78
NC_021539	Listeria phage LP-030-2	69	21	4.35
NC_011216	Burkholderia phage KS10	49	31	14.29
NC_002331	Xestia c-nigrum granulovirus	181	3	0.55
NC_020844	Salicola phage CGphi29	64	154	20.31
NC_020870	Leuconostoc phage phiLN04	39	4	5.13
NC_018280	Celeribacter phage P12053L	56	303	35.71
NC_009811	Listeria virus A511	190	50	6.32
NC_004112	Lactobacillus phage A2	61	27	11.48
NC_020204	Klebsiella phage JD001	68	68	14.71
NC_018277	Staphylococcus phage SpaA1	63	12	7.94
NC_019517	Escherichia phage FV3	218	66	10.09
NC_024136	Mycobacterium phage Seabiscuit	94	31	9.57
NC_013594	Escherichia phage D108	57	25	15.79
NC_017984	Acinetobacter bacteriophage AP22	89	127	15.73
NC_014662	Enterobacter phage CC31	279	96	9.68
NC_019455	Haemophilus phage SuMu	55	13	10.91
NC_015273	Burkholderia phage KS14	44	30	34.09
NC_019725	Escherichia phage ADB-2	78	33	7.69
NC_024207	Bacillus phage Evoli	294	72	4.42
NC_008798	Staphylococcus phage phiETA2	69	5	4.35
NC_002214	Streptococcus phage Sfi11	51	5	5.88
NC_005309	Canarypox virus	328	43	3.05
NC_008363	Lactococcus virus P008	58	16	3.45
NC_019419	Escherichia virus JL1	60	36	15.00
NC_023556	Achromobacter phage JWAlpha	91	75	36.26
NC_024368	Mycobacterium phage Pinto	87	33	10.34
NC_016655	Rhodococcus phage REQ1	85	49	14.12
NC_024361	Streptococcus phage DCC1738	56	17	12.50
NC_023585	Sulfolobus monocaudavirus SMV1	51	1	1.96
NC_005282	Salmonella phage FelixO1	131	56	13.74
NC_021249	Choristoneura rosaceana entomopoxvirus 'L'	296	43	5.74
NC_011645	Bacillus phage TP21-L	56	44	10.71
NC_021061	Mycobacterium phage Butters	66	33	10.61
NC_008152	Escherichia virus K1-5	52	25	17.31
NC_007057	Staphylococcus phage 96	74	14	2.70
NC_016158	Escherichia phage HK639	76	55	22.37
NC_022971	Pseudomonas phage phiIBB-PAA2	69	188	17.39
NC_006884	Prochlorococcus phage P-SSM4	221	686	32.13
NC_025470	Shewanella sp. phage 1/40	236	69	6.36
NC_018860	Bacillus phage BCP78	227	107	6.61
NC_008520	Anticarsia gemmatalis nucleopolyhedrovirus	158	7	0.63
NC_007821	Enterobacteria phage WA13 sensu lato	10	6	60.00
NC_009235	Burkholderia virus phi6442	71	69	21.13
NC_021533	Mycobacterium phage BTCU-1	73	53	10.96
NC_001697	Haemophilus phage HP1	42	15	9.52
NC_007045	Staphylococcus phage PT1028	22	5	4.55
NC_013055	Burkholderia phage KS9	50	161	34.00
NC_009236	Burkholderia virus phiE122	50	34	26.00
NC_024150	California sea lion adenovirus 1	30	4	3.33
NC_023591	Mycobacterium phage Adler	125	18	4.80
NC_021329	Halovirus HRTV-4	73	5	1.37
NC_020082	Edwardsiella phage MSW-3	66	24	7.58
NC_019930	Tetrasphaera phage TJE1	66	25	7.58
NC_007809	Pseudomonas phage M6	85	148	21.18
NC_018843	Salmonella phage SSU5	130	205	20.00
NC_001942	Mycoplasma phage MAV1	15	4	6.67
NC_003907	Vibrio phage VpV262	67	4	5.97
NC_006940	Salmonella phage SS3e	58	29	18.97
NC_007967	Streptomyces phage mu1/6	52	16	9.62
NC_023609	Mycobacterium phage RhynO	73	82	15.07
NC_011802	Salmonella phage SE1	67	71	13.43
NC_000899	Fowl aviadenovirus D	29	2	3.45
NC_004156	Helicoverpa zea nudivirus 2	113	112	6.19
NC_019909	Yersinia phage phiR1-RT	262	87	10.69
NC_013692	Pseudomonas phage LIT1	90	44	21.11
NC_024355	Staphylococcus phage 6ec	142	87	10.56
NC_024382	Alcelaphine gammaherpesvirus 2	70	10	4.29
NC_028854	Paenibacillus phage Sitara	74	79	16.22
NC_011167	Bacillus virus IEBH	86	24	8.14
NC_022766	Bacillus virus Glittering	78	98	6.41
NC_010583	Escherichia virus EPS7	170	71	12.94
NC_018282	Pseudomonas phage MP1412	77	156	24.68
NC_004775	Salmonella phage epsilon15	51	92	23.53
NC_004629	Pseudomonas phage phiKZ	306	64	10.46
NC_024138	Mycobacterium phage MosMoris	111	35	8.11
NC_009814	Listeria phage P35	56	11	5.36
NC_021309	Mycobacterium phage Phrux	141	131	7.80
NC_007917	Clostridium virus phiCD119	79	48	15.19
NC_019443	Synechococcus phage metaG-MbCM1	234	517	28.21
NC_017979	Goose adenovirus 4	34	3	2.94
NC_006549	Singapore grouper iridovirus	162	105	6.17
NC_023614	Croceibacter phage P2559Y	51	101	27.45
NC_008617	Staphylococcus phage phiNM3	65	29	9.23
NC_003287	Enterobacteria phage M13	10	6	10.00
NC_015049	Cricetid gammaherpesvirus 2	82	15	4.88
NC_024384	Listeria phage LP-030-3	73	8	6.85
NC_011285	Mycobacterium phage Troll4	84	38	2.38
NC_011272	Mycobacterium phage Rizal	220	104	6.82
NC_011041	Escherichia phage V5	233	65	9.44
NC_011976	Salmonella phage epsilon34	73	74	8.22
NC_018519	Blueberry virus A	10	6	10.00
NC_028788	Paenibacillus phage Diva	60	75	16.67
NC_023499	Staphylococcus phage StauST398-4	65	45	9.23
NC_017969	Escherichia virus AKFV33	160	108	16.25
NC_015293	Pseudoalteromonas phage H105/1	52	61	13.46
NC_022775	Lactobacillus phage phiJB	46	13	10.87
NC_004002	Sheeppox virus	148	37	4.73
NC_004745	Yersinia phage L-413C	40	12	22.50
NC_024148	Mycobacterium phage Phantastic	91	73	12.09
NC_005210	Beet pseudoyellows virus	8	3	12.50
NC_023593	Escherichia phage KBNP1711	126	97	11.90
NC_019768	Enterobacteria phage HK106	65	53	18.46
NC_009011	Spodoptera frugiperda multiple nucleopolyhedrovirus	143	5	2.80
NC_001266	Rabbit fibroma virus	165	31	3.64
NC_026926	Synechococcus phage ACG-2014j	230	612	35.22
NC_003094	Helicoverpa armigera nucleopolyhedrovirus	137	1	0.73
NC_010808	Staphylococcus phage phiMR25	70	24	5.71
NC_010240	Helicoverpa armigera granulovirus	179	5	1.12
NC_021788	Cellulophaga phage phi4:1	197	66	9.14
NC_020080	Klebsiella phage KP27	276	92	12.68
NC_021795	Cellulophaga phage phi17:1	65	52	18.46
NC_016924	Cotia virus SPAn232	185	30	2.70
NC_023548	Citrobacter phage CR8	57	63	17.54
NC_021247	Adoxophyes honmai entomopoxvirus 'L'	247	29	4.05
NC_021335	Halovirus HRTV-7	105	5	1.90
NC_014791	Ugandan cassava brown streak virus	2	4	50.00
NC_011357	Stx2-converting phage 1717	77	149	22.08
NC_015270	Enterococcus phage EFRM31	23	19	13.04
NC_011534	Kluyvera phage Kvp1	47	48	14.89
NC_023704	Mycobacterium phage Doom	85	50	8.24
NC_009815	Listeria phage A006	62	17	6.45
NC_018269	Marinomonas phage P12026	54	120	22.22
NC_015279	Synechococcus phage S-SM2	267	887	38.95
NC_021774	Salmonella phage FSL SP-004	40	10	17.50
NC_027383	Escherichia phage YD-2008.s	62	33	16.13
NC_015938	Salmonella phage 7-11	151	183	17.22
NC_020231	Caviid betaherpesvirus 2	110	3	1.82
NC_007019	Streptococcus phage 2972	44	14	6.82
NC_023561	Enterobacter phage PG7	294	98	9.52
NC_023498	Mycobacterium phage Validus	105	20	8.57
NC_009127	Cyprinid herpesvirus 3	163	44	2.45
NC_005137	Choristoneura fumiferana DEF multiple nucleopolyhedrovirus	149	3	0.67
NC_004686	Mycobacterium phage Che9d	111	90	6.31
NC_019509	Cronobacter virus ESP29491	45	30	20.00
NC_020871	Listeria phage vB_LmoM_AG20	178	45	6.74
NC_011039	Mycobacterium phage Predator	92	16	4.35
NC_005906	Neodiprion lecontei nucleopolyhedrovirus	89	1	1.12
NC_013598	Streptococcus phage Alq132	44	11	9.09
NC_006268	Sulfolobus virus STSV1	74	9	4.05
NC_021784	Thermus phage phi OH2	60	39	18.33
NC_010342	Halomonas phage phiHAP-1	46	27	10.87
NC_010495	Salmonella phage Vi II-E1	51	60	19.61
NC_021780	Salmonella phage FSLSP088	70	55	14.29
NC_013036	Anatid alphaherpesvirus 1	77	9	2.60
NC_023744	Mycobacterium phage DS6A	97	29	8.25
NC_016447	Aotine betaherpesvirus 1	146	4	1.37
NC_023566	Rhizobium phage vB_RglS_P106B	95	53	12.63
NC_022563	Squirrelpox virus	141	13	2.13
NC_010276	Orgyia leucostigma nucleopolyhedrovirus	135	47	3.70
NC_019918	Pseudomonas phage vB_PaeM_C2-10_Ab1	158	77	11.39
NC_003345	Halorubrum phage HF2	114	16	6.14
NC_023718	Pseudomonas phage phiPto-bp6g	68	7	4.41
NC_005069	Yersinia phage PY54	67	50	14.93
NC_015251	Aeromonas virus 65	437	121	6.86
NC_023612	Geobacillus phage GBK2	62	168	14.52
NC_012783	Cercopithecine betaherpesvirus 5	177	3	1.13
NC_023501	Bacillus phage BPS10C	271	29	3.69
NC_007709	Xanthomonas phage OP1	59	70	30.51
NC_019538	Aeromonas phage CC2	427	99	6.56
NC_021334	Mycobacterium phage WIVsmall	83	27	8.43
NC_016567	Vibrio phage SIO-2	115	14	4.35
NC_021853	Lactococcus phage 340	58	17	3.45
NC_013600	Sodalis phage SO1	59	39	20.34
NC_006623	Gallid alphaherpesvirus 1	79	4	1.27
NC_023681	Mamestra brassicae multiple nucleopolyhedrovirus	159	28	3.14
NC_007605	Human gammaherpesvirus 4	95	18	3.16
NC_011703	Pseudomonas phage 14-1	90	223	81.11
NC_022965	Mycobacterium phage CloudWang3	103	100	12.62
NC_021070	Vibrio phage martha 12B12	51	11	15.69
NC_014765	Bathycoccus sp. RCC1105 virus BpV1	203	900	40.39
NC_005263	Burkholderia virus Bcep1	71	58	14.08
NC_019514	Erwinia phage vB_EamP-S6	115	62	18.26
NC_005833	Escherichia virus T1	78	48	11.54
NC_024450	Falconid herpesvirus 1	130	6	1.54
NC_015721	Bdellovibrio phage phi1402	42	3	7.14
NC_011551	Bacteriophage APSE-2	41	80	21.95
NC_023567	Klebsiella phage F19	51	20	15.69
NC_002577	Gallid alphaherpesvirus 3	76	12	3.95
NC_008717	Pseudomonas phage DMS3	52	7	9.62
NC_002656	Mycobacterium phage Bxb1	86	22	4.65
NC_018085	Bacillus phage BtCS33	57	38	10.53
NC_003050	Streptococcus phage MM1	53	41	18.87
NC_015960	Yokapox virus	186	94	2.69
NC_021789	Cellulophaga phage phi19:3	129	92	17.83
NC_019502	Bacillus phage phIS3501	51	29	11.76
NC_016164	Synechococcus phage S-CBS1	43	125	41.86
NC_019709	Enterobacteria phage mEpX1	66	48	19.70
NC_021535	Mycobacterium phage Jobu08	85	82	9.41
NC_011399	Ralstonia phage RSM3	14	17	7.14
NC_016761	Salmonella phage SPN1S	52	94	28.85
NC_024375	Listeria phage LP-026	114	30	3.51
NC_025429	Rhizobium phage vB_RleM_P10VF	257	171	12.84
NC_023712	Mycobacterium phage Firecracker	128	35	3.91
NC_021863	Staphylococcus phage SA13	62	17	6.45
NC_021302	Mycobacterium phage Fishburne	77	51	9.09
NC_001962	Bombyx mori nucleopolyhedrovirus	143	7	0.70
NC_017976	Bacillus phage PBC1	50	38	16.00
NC_015456	Shigella virus Shfl1	80	43	8.75
NC_018836	Streptomyces phage phiHau3	72	40	8.33
NC_003084	Culex nigripalpus nucleopolyhedrovirus	109	1	0.92
NC_020477	Bacillus virus Eoghan	75	99	8.00
NC_025459	Aeromonas phage pAh6-C	86	21	6.98
NC_011421	Bacillus virus SPO1	204	196	7.84
NC_022069	Mycobacterium phage Jabbawokkie	106	32	4.72
NC_020158	Halovirus HVTV-1	173	52	9.25
NC_015265	Burkholderia phage KS5	46	49	30.43
NC_008208	Aeromonas virus 25	242	117	13.22
NC_008207	Mycobacterium phage Catera	218	101	6.42
NC_025425	Enterobacteria phage GEC-3S	277	80	10.47
NC_011616	Spodoptera litura nucleopolyhedrovirus II	147	13	2.72
NC_023715	Yersinia phage Yep-phi	45	45	8.89
NC_019508	Clostridium phage phiCP34O	52	31	13.46
NC_012756	Streptococcus phage PH10	54	8	7.41
NC_020481	Pelagibacter phage HTVC010P	64	219	40.62
NC_019919	Yersinia phage phiR201	166	111	16.27
NC_023747	Mycobacterium phage BarrelRoll	95	21	7.37
NC_011308	Listeria phage P40	62	5	4.84
NC_008586	Ectropis obliqua nucleopolyhedrovirus	126	28	2.38
NC_008195	Mycobacterium phage Cooper	99	22	5.05
NC_018279	Salmonella phage vB_SosS_Oslo	79	108	18.99
NC_007646	Ovine gammaherpesvirus 2	73	12	2.74
NC_020857	Cyanophage MED4-117	63	78	33.33
NC_019496	Clostridium phage phiCP26F	49	40	16.33
NC_022915	Ralstonia phage RSK1	54	91	25.93
NC_004165	Bacillus virus B103	17	36	5.88
NC_011022	Mycobacterium phage DD5	87	34	8.05
NC_022988	Mycobacterium phage Bruin	141	133	9.22
NC_002642	Yaba-like disease virus	152	32	3.95
NC_023588	Stenotrophomonas phage Smp131	46	19	21.74
NC_020081	Bacillus phage phiAGATE	210	137	9.05
NC_001895	Escherichia virus P2	43	20	23.26
NC_019511	Staphylococcus virus SA11	186	68	6.99
NC_022060	Mycobacterium phage Velveteen	100	43	4.00
NC_022914	Staphylococcus phage phiRS7	62	58	11.29
NC_018850	Pseudomonas phage UFV-P2	75	149	16.00
NC_022752	Salmonella phage SETP13	69	40	18.84
NC_019488	Salmonella phage RE-2010	47	20	17.02
NC_015933	Escherichia phage vB_EcoP_G7C	79	57	36.71
NC_022059	Mycobacterium phage DrDrey	144	124	7.64
NC_025444	Mycobacterium phage RedRock	95	62	10.53
NC_022758	Staphylococcus phage YMC/09/04/R1988	62	70	14.52
NC_019545	Salmonella phage SPN3UB	71	34	11.27
NC_019510	Erwinia phage vB_EamP-L1	51	35	19.61
NC_019544	Deep-sea thermophilic phage D6E	49	148	26.53
NC_014767	Micromonas sp. RCC1109 virus MpV1	244	839	38.93
NC_025431	Mesorhizobium phage vB_MloP_Lo5R7ANS	64	77	17.19
NC_008721	Streptococcus phage SMP	48	19	6.25
NC_019507	Campylobacter virus CP21	257	32	6.23
NC_024358	Anabaena phage A-4L	38	30	10.53
NC_023707	Mycobacterium phage Turbido	94	67	9.57
NC_022751	Cyanophage PP	41	38	12.20
NC_018856	Bacillus phage Bastille	273	69	5.49
NC_022066	Mycobacterium phage Redno2	231	107	6.06
NC_013693	Shigella phage Ag3	216	55	11.57
NC_028776	Escherichia phage CAjan	91	113	18.68
NC_023006	Pseudomonas phage PPpW-3	66	105	25.76
NC_009820	Mycobacterium phage Tweety	109	124	8.26
NC_001422	Enterobacteria phage phiX174 sensu lato	11	13	100.00
NC_024354	Cronobacter phage CR8	269	91	9.29
NC_018452	Burkholderia virus DC1	73	97	27.40
NC_016767	Erwinia phage PEp14	64	24	17.19
NC_024379	Escherichia phage PE3-1	48	33	18.75
NC_026016	Staphylococcus phage phiBU01	46	11	10.87
NC_019523	Clostridium phage phi24R	22	23	4.55
NC_019926	Erwinia phage phiEa100	51	21	13.73
NC_020414	Enterobacteria phage UAB_Phi78	58	21	13.79
NC_009935	Pseudomonas phage LKD16	53	10	7.55
NC_001331	Pseudomonas phage Pf1	14	2	14.29
NC_011356	Enterobacteria phage YYZ-2008	75	79	16.00
NC_011646	Abalone shriveling syndrome-associated virus	31	41	19.35
NC_004587	Streptococcus phage 315.4	64	27	7.81
NC_010646	Beluga Whale coronavirus SW1	14	5	7.14
NC_021560	Rhizobium phage RR1-A	68	83	19.12
NC_001482	Feline immunodeficiency virus	6	1	16.67
NC_004616	Staphylococcus phage Phi12	49	56	22.45
NC_016160	Escherichia phage HK75	58	72	20.69
NC_012743	Burkholderia virus Bcepil02	76	93	27.63
AC_000191	Bovine mastadenovirus A	29	16	3.45
NC_025424	Bacillus phage Waukesha92	72	3	2.78
NC_007734	Bacillus virus Wbeta	53	22	11.32
NC_023859	Microbacterium phage vB_MoxS-ISF9	120	21	3.33
NC_003390	Synechococcus phage P60	55	89	20.00
NC_018848	Streptomyces phage SV1	55	9	1.82
NC_028957	Escherichia phage vB_EcoM_VR26	291	66	8.25
NC_023586	Ralstonia phage 1 NP-2014	16	15	6.25
NC_009447	Burkholderia phage BcepGomr	75	78	17.33
NC_024359	Listeria phage LP-048	177	48	7.34
NC_019717	Enterobacteria phage HK225	69	25	14.49
NC_017972	Pseudomonas phage Lu11	391	104	2.81
NC_010353	Streptococcus phage 858	46	15	6.52
NC_011020	Mycobacterium phage Jasper	94	18	5.32
NC_019716	Enterobacteria phage mEp460	59	45	18.64
NC_023865	Pectobacterium phage PM1	63	54	9.52
NC_005964	Mycoplasma phage phiMFV1	17	1	5.88
NC_020851	Synechococcus phage S-SKS1	281	943	34.88
NC_029084	Paenibacillus phage Rani	61	77	18.03
NC_002687	Ectocarpus siliculosus virus 1	240	374	10.42
NC_014260	Enterobacteria phage IME08	253	98	12.25
NC_002166	Escherichia virus HK022	35	52	34.29
NC_015274	Streptococcus phage Dp-1	72	106	12.50
NC_020478	Bacillus virus Andromeda	79	98	6.33
NC_005091	Burkholderia phage BcepNazgul	73	42	13.70
NC_019767	Enterobacteria phage HK544	63	63	17.46
NC_007810	Pseudomonas phage F8	91	221	82.42
NC_021346	Mycobacterium phage Gizmo	241	102	6.22
NC_001609	Enterobacteria phage P4	14	21	21.43
NC_011021	Mycobacterium phage Lockley	90	33	7.78
NC_005902	Lymphocystis disease virus - isolate China	239	123	4.18
NC_007053	Staphylococcus phage 3A	67	69	14.93
NC_015295	Erwinia phage phiEt88	68	50	16.18
NC_012639	Euproctis pseudoconspersa nucleopolyhedrovirus	139	45	3.60
NC_023721	Mycobacterium phage Drago	103	27	6.80
NC_020877	Staphylococcus phage vB_SauM_Romulus	164	40	7.93
NC_019418	Streptococcus phage phiNJ2	55	19	10.91
NC_021563	Serratia phage Eta	69	52	17.39
NC_022771	Bacillus phage Grass	252	140	6.75
NC_024391	Staphylococcus phage DW2	62	12	11.29
NC_008371	Lactococcus virus jj50	49	17	2.04
NC_021924	Choristoneura rosaceana alphabaculovirus	149	8	0.67
NC_024145	Mycobacterium phage Hosp	97	27	4.12
NC_014595	Shigella phage SP18	284	62	8.45
NC_023698	Mycobacterium phage Avani	107	36	5.61
NC_024141	Mycobacterium phage Kampy	88	129	15.91
NC_019527	Aeromonas phage vB_AsaM-56	83	29	8.43
NC_006151	Suid alphaherpesvirus 1	69	25	2.90
NC_020202	Pseudomonas phage JBD5	59	7	10.17
NC_005357	Bordetella virus BPP1	49	134	51.02
NC_004810	Cucurbit yellow stunting disorder virus	8	15	12.50
NC_023579	Erwinia phage Ea9-2	94	68	30.85
NC_013259	Tomato infectious chlorosis virus	8	11	12.50
NC_019457	Vibrio phage CP-T1	70	121	10.00
NC_003038	Invertebrate iridescent virus 6	468	150	4.06
NC_022978	Carnation yellow fleck virus	9	6	11.11
NC_020883	Bacillus phage PM1	86	12	8.14
NC_016571	Pseudomonas phage OBP	309	35	2.91
NC_021796	Cellulophaga phage phi38:1	101	219	21.78
NC_022747	Vibrio phage VPUSM 8	43	2	2.33
NC_019417	Salmonella phage SPN19	72	26	12.50
NC_009232	Salmonella phage SETP3	63	35	17.46
NC_016654	Rhodococcus phage REQ3	60	20	10.00
NC_024206	Lactobacillus phage phi jlb1	54	31	9.26
NC_018831	Listeria phage P70	119	26	4.20
NC_023590	Acinetobacter phage IME_AB3	57	62	24.56
NC_004684	Mycobacterium phage Rosebush	90	74	7.78
NC_025450	Lelliottia phage phD2B	49	24	14.29
NC_015282	Synechococcus phage S-SM1	234	798	33.76
NC_005879	Vibrio phage VP2	47	30	10.64
NC_019399	Escherichia phage vB_EcoM_ACG-C40	282	87	10.64
NC_003083	Epiphyas postvittana nucleopolyhedrovirus	136	7	0.74
NC_009514	Enterobacteria phage cdtI	60	50	23.33
NC_009531	Synechococcus phage Syn5	61	87	21.31
NC_001978	Streptomyces phage phiC31	53	59	11.32
NC_023574	Lactococcus phage phiL47	189	124	6.88
NC_018834	Propionibacterium phage P9.1	45	3	4.44
NC_021304	Streptomyces phage Sujidade	77	197	12.99
NC_023597	Mycobacterium phage 20ES	96	68	9.38
NC_023557	Erwinia phage Ea35-70	318	120	4.40
NC_007623	Pseudomonas phage EL	201	53	5.97
NC_021321	Halovirus HRTV-8	124	13	4.03
NC_027983	Escherichia phage AR1	281	75	8.54
NC_002686	Cercopithecine alphaherpesvirus 9	74	35	2.70
NC_015269	Salmonella virus SPC35	145	106	18.62
NC_004367	Callitrichine gammaherpesvirus 3	72	9	4.17
NC_011398	Clostridium virus phiCD27	75	66	8.00
NC_004914	Escherichia phage Stx2 II	170	94	7.06
NC_007807	Pseudomonas phage 119X	53	3	3.77
NC_025461	Synechococcus phage S-CBP3	53	192	30.19
NC_009015	Burkholderia virus BcepF1	127	184	24.41
NC_015465	Synechococcus phage S-CBS3	46	179	26.09
NC_020203	Pseudomonas phage JBD24	58	10	12.07
NC_023677	Chimpanzee herpesvirus strain 105640	77	19	3.90
NC_021338	Mycobacterium phage Chy4	73	53	15.07
NC_008348	Leucania separata nucleopolyhedrovirus	169	1	0.59
NC_009737	Bacillus virus 1	54	27	14.81
NC_001993	Melanoplus sanguinipes entomopoxvirus	267	11	2.25
NC_018859	Escherichia phage ECBP2	120	98	10.00
NC_019522	Pectobacterium phage ZF40	68	76	14.71
NC_024791	Vibrio phage ICP2_2013_A_Haiti	57	24	17.54
NC_019442	Escherichia phage TL-2011c	72	34	16.67
NC_007806	Pseudomonas phage 73	52	69	28.85
NC_013644	Enterococcus phage phiFL4A	55	34	9.09
NC_029024	Bacillus virus 250	54	27	14.81
NC_028908	Achromobacter phage phiAxp-3	80	72	40.00
NC_020875	Synechococcus phage S-SSM4	220	782	36.82
NC_001407	Rous sarcoma virus	4	1	25.00
NC_011291	Mycobacterium phage Brujita	74	31	12.16
NC_025448	Enterobacteria phage RB27	271	70	8.49
NC_025419	Enterobacteria phage RB3	273	80	10.26
NC_027979	Enterobacteria phage RB68	276	81	9.78
NC_011345	Agrotis ipsilon multiple nucleopolyhedrovirus	163	33	1.84
NC_021777	Salmonella phage Jersey	69	43	17.39
NC_008205	Mycobacterium phage PMC	104	26	6.73
NC_020159	Halovirus HSTV-2	103	6	1.94
NC_010393	Phage Gifsy-2	55	60	20.00
NC_003663	Cowpox virus	233	138	4.72
NC_023695	Mycobacterium phage Violet	90	44	11.11
NC_008583	Staphylococcus phage phiNM	64	3	3.12
NC_003618	Lettuce infectious yellows virus	5	18	20.00
NC_013651	Vibrio phage N4	47	57	21.28
NC_023423	Pithovirus sibericum	467	450	5.57
NC_022343	Klebsiella phage 0507-KN2-1	154	53	16.23
NC_025415	Lactobacillus phage Ld25A	51	26	15.69
NC_015297	Ralstonia phage PE226	9	1	11.11
NC_009803	Thermus phage P2345	117	137	5.98
NC_020837	Synechococcus phage S-CAM1	231	692	36.80
NC_004065	Murid betaherpesvirus 1	161	5	0.62
NC_012419	Enterococcus phage EFAP-1	24	9	12.50
NC_022983	Mycobacterium phage Bernardo	100	56	7.00
NC_021349	Mycobacterium phage Astraea	232	105	6.03
NC_013756	Marseillevirus marseillevirus	428	104	5.61
NC_023583	Pseudomonas phage TL	65	187	18.46
NC_007581	Clostridium phage c-st	198	99	10.10
NC_018845	Propionibacterium phage P104A	45	4	6.67
NC_015780	Wiseana iridescent virus	193	168	9.33
NC_024135	Mycobacterium phage Bernal13	60	36	5.00
NC_022063	Mycobacterium phage Phelemich	95	70	8.42
NC_023559	Oenococcus phage phi9805	55	20	5.45
NC_027997	Campylobacter virus CP220	194	24	5.67
NC_011271	Mycobacterium phage Cali	222	102	5.86
NC_023748	Mycobacterium phage SkiPole	102	25	5.88
NC_013599	Xylella phage Xfas53	45	71	24.44
NC_014457	Clostridium phage phiCTP1	86	86	9.30
NC_012635	Enterobacteria phage RB51	273	77	9.16
NC_006944	Mint virus 1	9	6	11.11
NC_023594	Shewanella phage Spp001	67	14	4.48
NC_022365	Piper yellow mottle virus	4	1	25.00
NC_019501	Enterobacteria phage IME10	27	58	18.52
NC_009993	Mycobacterium phage Giles	77	23	6.49
NC_004589	Streptococcus phage 315.6	51	56	13.73
NC_014900	Salmonella phage ST160	63	73	15.87
NC_009799	Corynebacterium phage BFK20	53	29	11.32
NC_008204	Mycobacterium phage Qyrzula	81	74	9.88
NC_022087	Mycobacterium phage AnnaL29	96	58	10.42
NC_020865	Cyanophage KBS-P-1A	57	246	28.07
NC_001330	Enterobacteria phage alpha3	10	6	60.00
NC_018278	Burkholderia phage KL1	55	54	21.82
NC_001332	Escherichia virus I22	9	6	11.11
NC_019447	Brucella phage Pr	57	66	19.30
NC_003521	Panine betaherpesvirus 2	169	2	1.18
NC_024210	Escherichia phage e4/1c	72	34	9.72
NC_013195	Staphylococcus phage P954	69	68	13.04
NC_021779	Salmonella phage FSLSP030	71	56	15.49
NC_023009	Staphylococcus phage Sb-1	168	42	5.95
NC_004813	Enterobacteria phage BP-4795	85	127	18.82
NC_017864	Pseudomonas phage vB_Pae-Kakheti25	58	54	22.41
NC_023713	Mycobacterium phage Blue7	103	94	12.62
NC_013953	Lymantria xylina MNPV	157	32	4.46
NC_024204	Salmonella phage vB_SenS-Ent3	60	33	20.00
NC_019451	Pseudomonas phage NH-4	94	225	81.91
NC_023565	Mycobacterium phage Nyxis	87	123	17.24
NC_023563	Mycobacterium phage Suffolk	97	17	8.25
NC_024357	Streptococcus phage K13	53	10	9.43
NC_024711	uncultured crAssphage	80	11	5.00
NC_007052	Staphylococcus phage 42E	79	88	15.19
NC_024365	Pseudomonas phage phiPSA1	52	67	28.85
NC_010355	Azospirillum phage Cd	95	52	14.74
NC_005946	Frog virus 3	99	88	10.10
NC_020488	Vibrio phage VvAW1	40	120	37.50
NC_021339	Streptomyces phage Zemlya	76	186	13.16
NC_010671	Musca domestica salivary gland hypertrophy virus	108	86	4.63
NC_002593	Plutella xylostella granulovirus	120	6	2.50
NC_019925	Dickeya virus Limestone	201	52	10.95
NC_021806	Cellulophaga phage phi14:2	133	219	11.28
NC_001604	Enterobacteria phage T7	60	78	15.00
NC_013698	Clavibacter phage CMP1	74	44	9.46
NC_002188	Fowlpox virus	261	32	2.68
NC_001835	Lactococcus virus sk1	56	18	1.79
NC_018276	Croceibacter phage P2559S	68	33	14.71
NC_023558	Cronobacter phage Dev2	45	29	20.00
NC_019410	Caulobacter virus Karma	353	156	9.35
NC_016564	Planktothrix phage PaV-LD	142	599	9.15
NC_018842	Propionibacterium phage P1.1	45	4	6.67
NC_024212	Enterococcus phage VD13	88	37	7.95
NC_013804	Pseudocowpox virus	134	2	0.75
NC_008518	Trichoplusia ni ascovirus 2c	164	85	4.27
NC_024125	Escherichia phage vB_EcoM_112	279	82	9.68
NC_028886	Bacillus phage phi4B1	56	28	10.71
NC_029008	Bacillus phage phi4J1	67	68	5.97
NC_004996	Streptococcus phage SM1	56	7	8.93
NC_018874	Abalone herpesvirus Victoria/AUS/2009	118	4	1.69
NC_007804	Escherichia phage phiV10	55	81	23.64
NC_013696	Enterococcus phage phiEf11	65	64	12.31
NC_009813	Listeria phage B054	80	95	6.25
NC_008722	Staphylococcus phage CNPH82	65	64	12.31
NC_011612	Staphylococcus phage Ipla35	62	65	14.52
NC_009812	Listeria phage B025	65	23	7.69
NC_005354	Lactobacillus prophage Lj928	50	6	4.00
NC_022053	Mycobacterium phage Papyrus	100	70	9.00
NC_009904	Enterococcus phage phiEF24C	221	36	4.07
NC_006882	Prochlorococcus phage P-SSP7	58	127	29.31
NC_022612	Turkey aviadenovirus 4	33	3	3.03
NC_020201	Pectobacterium phage phiTE	242	136	13.64
NC_023732	Mycobacterium phage Rumpelstiltskin	110	27	8.18
NC_019914	Staphylococcus phage StB27	53	5	3.77
NC_023605	Vibrio phage PVA1	21	26	42.86
NC_024144	Clostridium phage CDMH1	84	45	13.10
NC_021559	Prochlorococcus phage P-SSM3	214	660	32.71
NC_018284	Staphylococcus phage Ipla7	59	22	10.17
NC_019405	Caulobacter virus phiCbK	338	158	9.17
NC_008187	Invertebrate iridescent virus 3	126	127	9.52
NC_023726	Mycobacterium phage Euphoria	94	33	9.57
NC_019913	Pseudomonas phage PaP1	167	78	10.78
NC_010561	Bean yellow disorder virus	9	28	11.11
NC_011801	Lactobacillus phage Lv-1	47	24	10.64
NC_023734	Psychrobacter phage Psymv2	49	77	20.41
NC_004724	Grapevine rootstock stem lesion associated virus	8	34	12.50
NC_024330	Pseudomonas phage JD024	58	8	12.07
NC_024367	Dinoroseobacter phage DFL12phi1	86	44	24.42
NC_022920	Staphylococcus phage S25-3	206	53	4.37
NC_006150	Macacine betaherpesvirus 3	223	3	0.90
NC_004681	Mycobacterium phage Cjw1	141	128	9.22
NC_011085	Morganella phage MmP1	49	68	16.33
NC_002363	Vibrio phage VfO4K68	8	1	12.50
NC_008210	Ranid herpesvirus 2	147	2	1.36
NC_023708	Mycobacterium phage Dreamboat	94	21	6.38
NC_009541	Propionibacterium phage PA6	48	3	4.17
NC_018084	Clostridium phage phiZP2	27	18	7.41
NC_005344	Shigella phage Sf6	66	118	19.70
NC_007710	Xanthomonas phage OP2	62	44	9.68
NC_016766	Synechococcus phage S-CBS4	105	126	32.38
NC_023729	Mycobacterium phage Charlie	68	53	10.29
NC_016448	Saimiriine betaherpesvirus 4	141	6	1.42
NC_024142	Escherichia phage Bp4	94	52	31.91
NC_005038	Adoxophyes orana granulovirus	119	3	0.84
NC_020482	Pelagibacter phage HTVC011P	45	145	33.33
NC_014661	Acinetobacter phage Acj61	241	84	12.86
NC_021793	Cellulophaga phage phi48:2	29	14	6.90
NC_020077	Sulfolobus virus STSV2	75	7	2.67
NC_021923	Hemileuca sp. nucleopolyhedrovirus	137	40	3.65
NC_008197	Mycobacterium phage Orion	100	16	8.00
NC_016434	Gordonia phage GTE5	92	26	2.17
NC_023733	Mycobacterium phage MoMoMixon	230	106	5.65
NC_019549	Liberibacter phage SC1	40	43	22.50
NC_011040	Enterobacteria phage BA14	52	47	9.62
NC_027356	Escherichia virus DT57C	133	104	17.29
NC_019518	Vibrio phage vB_VchM-138	67	98	13.43
NC_004087	Sulfolobus islandicus rod-shaped virus 1	45	1	2.22
NC_023604	Mycobacterium phage Jolie2	62	15	6.45
NC_021062	Pseudomonas phage Phi-S1	47	31	19.15
NC_003391	Camelpox virus	211	108	3.79
NC_022989	Lactobacillus virus LLKu	51	21	5.88
NC_019515	Bacillus phage BCD7	140	132	10.00
NC_022918	Staphylococcus phage S25-4	184	47	4.35
NC_022330	Mycobacterium phage Quink	151	132	7.95
NC_009542	Aeromonas phage phiO18P	45	11	13.33
NC_020078	Cronobacter phage vB_CskP_GAP227	49	23	20.41
NC_019491	Cyprinid herpesvirus 1	143	56	2.80
NC_001598	Beet yellows virus	8	6	12.50
NC_022324	Mycobacterium phage Sarfire	99	37	9.09
NC_022969	Mycobacterium phage PhatBacter	148	136	8.78
NC_019706	Enterobacteria phage mEp043 c-1	69	56	17.39
NC_009810	Listeria phage A500	63	18	11.11
NC_023741	Mycobacterium phage Stinger	95	29	6.32
NC_006560	Cercopithecine alphaherpesvirus 2	75	23	4.00
NC_024211	Bacillus phage Megatron	290	22	3.45
NC_005294	Streptococcus phage EJ-1	73	40	8.22
NC_010537	Acidianus filamentous virus 9	73	9	2.74
NC_016652	Rhodococcus phage REQ2	82	24	8.54
NC_017981	Xanthomonas phage vB_XveM_DIBBI	81	37	7.41
NC_009014	Erwinia amylovora phage Era103	53	23	16.98
NC_015288	Prochlorococcus phage Syn1	234	524	32.05
NC_018863	Bacillus phage B4	277	102	5.42
NC_019915	Staphylococcus phage StB20	65	52	12.31
NC_001973	Lymantria dispar multiple nucleopolyhedrovirus	164	27	3.66
NC_004305	Lactobacillus phage phig1e	60	14	6.67
NC_015254	Brochothrix phage BL3	67	22	11.94
NC_011811	Erwinia phage phiEa21-4	118	51	8.47
NC_015158	Vibrio phage ICP2	72	35	19.44
NC_015585	Pantoea phage LIMEzero	57	24	10.53
NC_013772	Pseudaletia unipuncta granulovirus	183	4	1.09
NC_019813	Pseudomonas phage vB_PaeP_p2-10_Or1	58	199	15.52
NC_023689	Mycobacterium phage Lilac	140	119	7.86
NC_026421	Equid gammaherpesvirus 5	79	51	5.06
NC_028671	Enterococcus phage vB_EfaS_IME197	70	18	7.14
NC_019912	Bacillus virus BMBtp2	53	22	11.32
NC_002671	Lactococcus phage bIL312	27	21	7.41
NC_025463	Shewanella sp. phage 1/44	75	17	8.00
NC_022098	Pandoravirus salinus	2541	441	1.77
NC_010152	Acidianus filamentous virus 6	66	2	3.03
NC_019714	Enterobacteria phage HK446	60	63	20.00
NC_021331	Shigella phage pSf-1	94	31	7.45
NC_020200	Pseudomonas phage JBD88a	55	5	9.09
NC_010237	Escherichia phage Min27	83	46	16.87
NC_001611	Variola virus	197	107	4.06
NC_023696	Mycobacterium phage Dandelion	239	111	6.28
NC_021861	Lactococcus phage BM13	55	27	7.27
NC_011288	Mycobacterium phage Fruitloop	102	19	8.82
NC_022744	Erwinia phage FE44	51	49	9.80
NC_001629	Lactococcus phage bIL67	37	4	5.41
NC_007062	Staphylococcus phage 52A	60	9	5.00
NC_024306	Fruit bat alphaherpesvirus 1	70	21	5.71
NC_014458	Mycobacterium virus Angelica	94	21	7.45
NC_021536	Synechococcus phage S-IOM18	209	588	34.45
NC_023690	Mycobacterium phage Courthouse	241	125	7.05
NC_020866	Rhodovulum phage RS1	56	69	19.64
NC_020479	Bacillus virus Curly	77	98	6.49
NC_019916	Lactobacillus virus ATCC8014	60	13	6.67
NC_011023	Mycobacterium phage Pukovnik	88	60	14.77
NC_005885	Actinoplanes phage phiAsp2	76	47	5.26
NC_022773	Bacillus virus Blastoid	79	104	8.86
NC_001884	Bacillus virus SPbeta	185	238	8.11
NC_020490	Staphylococcus phage StB12	74	33	5.41
NC_000902	Enterobacteria phage VT2-Sakai	83	50	12.05
NC_000896	Lactobacillus phage phiadh	63	23	7.94
NC_024362	Pseudomonas phage phiPSA2	47	26	12.77
NC_024387	Listeria phage LP-101	70	27	8.57
NC_023686	Mycobacterium phage Gadjet	102	55	6.86
NC_021068	Vibrio phage douglas 12A4	75	43	17.33
NC_019456	Lactobacillus phage JCL1032	77	35	7.79
NC_024782	Pseudomonas phage MP48	50	7	12.00
NC_003278	Pseudomonas phage phiCTX	47	18	19.15
NC_024370	Streptococcus phage IC1	49	23	16.33
NC_024146	Enterobacteria phage 9g	71	89	16.90
NC_022334	Propionibacterium phage PHL112N00	46	4	6.52
NC_026268	Pseudoplusia includens SNPV IE	141	19	2.13
NC_004827	Haemophilus phage Aaphi23	66	116	16.67
NC_019519	Agrobacterium phage 7-7-1	127	24	6.30
NC_023746	Mycobacterium phage GUmbie	104	52	7.69
NC_008199	Mycobacterium phage Pipefish	102	33	5.88
NC_021071	Cyanophage P-RSM1	212	691	33.96
NC_005045	Pseudomonas phage phiKMV	49	12	10.20
NC_011046	Lactococcus virus Bibb29	54	19	1.85
NC_007458	Bacillus phage Gamma	53	22	11.32
NC_024366	Mycobacterium phage OkiRoe	96	32	7.29
NC_012638	Enterobacteria phage RB14	274	81	9.49
NC_028693	Enterococcus phage vB_EfaP_IME195	27	1	3.70
NC_022916	Burkholderia phage JG068	49	35	28.57
NC_024216	Bacillus phage CAM003	287	70	4.88
NC_009936	Pseudomonas phage LKA1	57	20	8.77
NC_023549	Clavibacter phage CN1A	78	36	10.26
NC_029016	Enterococcus phage vB_EfaS_IME198	95	31	5.26
NC_009816	Corynebacterium phage P1201	97	51	6.19
NC_003387	Mycobacterium phage TM4	89	9	6.74
NC_021803	Cellulophaga phage phi13:2	127	78	14.17
NC_023848	Anopheles minimus irodovirus	131	109	11.45
NC_007456	Enterobacteria phage K1F	43	38	18.60
NC_021318	Mycobacterium phage Chy5	88	55	13.64
NC_013797	Pieris rapae granulovirus	120	3	1.67
NC_023005	Pseudomonas phage PPpW-4	50	28	14.00
NC_018852	Propionibacterium phage P100D	47	4	6.38
NC_019449	Lactobacillus virus c5	50	32	16.00
NC_021342	Edwardsiella phage PEi21	71	30	12.68
NC_019504	Erwinia phage vB_EamM-Y2	92	71	8.70
NC_025433	Mycobacterium phage Taj	110	43	8.18
NC_018849	Propionibacterium phage P105	45	5	6.67
NC_015323	Fowl aviadenovirus C	46	12	2.17
NC_010106	Enterobacteria phage phiEcoM-GJ1	75	69	14.67
NC_020855	Cyanophage P-RSM6	221	570	32.13
NC_011589	Stenotrophomonas phage S1	48	32	18.75
NC_023177	Choristoneura murinana nucleopolyhedrovirus	147	8	0.68
NC_017865	Pseudomonas phage vB_Pae-TbilisiM32	51	10	5.88
NC_019400	Cronobacter phage vB_CsaM_GAP31	269	100	8.92
NC_003324	Sinorhizobium phage PBC5	83	45	20.48
NC_024389	Leuconostoc phage phiLNTR2	42	7	4.76
NC_025456	Synechococcus phage S-CBP1	50	208	24.00
NC_017975	Halocynthia phage JM-2012	173	116	5.20
NC_024385	Leuconostoc phage phiLN12	41	1	2.44
NC_008193	Pasteurella phage F108	44	5	4.55
NC_008725	Maruca vitrata nucleopolyhedrovirus	126	1	0.79
NC_015250	Acinetobacter virus 133	257	66	10.12
NC_022761	Bacillus phage CampHawk	231	187	6.49
NC_021072	Cyanophage Syn30	209	756	36.36
NC_009503	Spodoptera litura granulovirus	136	26	2.94
NC_030117	Canid alphaherpesvirus 1	76	18	2.63
NC_011042	Enterobacteria phage EcoDS1	53	36	16.98
NC_019528	Aeromonas phage phiAS7	51	31	21.57
NC_022055	Mycobacterium phage Bobi	107	29	7.48
NC_001661	Citrus tristeza virus	11	34	9.09
NC_019521	Sphingomonas phage PAU	295	199	7.12
NC_007924	Lactobacillus phage KC5a	61	17	6.56
NC_022613	Turkey aviadenovirus 5	37	4	2.70
NC_019543	Aeromonas phage Aes508	230	121	14.78
NC_021301	Mycobacterium phage SiSi	99	51	8.08
NC_017985	Salmonella phage SPN9CC	62	84	16.13
NC_012749	Escherichia phage wV8	140	43	11.43
NC_025428	Ruegeria phage DSS3-P1	82	55	15.85
NC_010324	Escherichia virus phiEco32	128	96	10.94
NC_019945	Thysanoplusia orichalcea nucleopolyhedrovirus	145	7	0.69
NC_024783	Escherichia phage EK99P-1	62	38	16.13
NC_007921	Agrotis segetum nucleopolyhedrovirus A	153	25	1.31
NC_021325	Clostridium phage vB_CpeS-CP51	50	16	4.00
NC_002371	Salmonella virus P22	72	90	13.89
NC_002520	Amsacta moorei entomopoxvirus	294	87	3.06
NC_021801	Staphylococcus phage SA12	58	17	5.17
NC_018283	Burkholderia phage AH2	78	50	19.23
NC_011107	Pseudomonas phage PT2	54	12	9.26
NC_005880	Staphylococcus virus K	233	55	6.01
NC_011201	Ralstonia phage RSB1	47	45	31.91
NC_001132	Myxoma virus	170	43	4.71
NC_020197	Streptococcus phage TP-J34	60	16	6.67
NC_008723	Staphylococcus phage PH15	68	37	10.29
NC_020873	Bacillus phage vB_BceM_Bc431v3	238	130	5.46
NC_021790	Cellulophaga phage phi18:1	65	90	21.54
NC_018454	Cronobacter phage phiES15	52	76	28.85
NC_004086	Sulfolobus islandicus rod-shaped virus 2	54	5	1.85
NC_013007	Carrot yellow leaf virus	10	8	10.00
NC_013085	Synechococcus phage S-RSM4	237	587	30.80
NC_022090	Staphylococcus phage vB_SauM_Remus	174	40	7.47
NC_015287	Synechococcus phage S-SSM7	319	812	32.92
NC_012696	Sulfitobacter phage EE36phi1	79	44	27.85
NC_018835	Escherichia phage NJ01	109	36	4.59
NC_019559	Murid betaherpesvirus 8	137	7	1.46
NC_016764	Pseudomonas phage Bf7	46	44	23.91
NC_010821	Pseudomonas phage 201phi2-1	461	89	4.56
NC_001902	Methanobacterium phage psiM2	32	20	3.12
NC_023500	Staphylococcus phage StauST398-5	65	30	6.15
NC_007021	Staphylococcus phage Twort	195	39	7.69
NC_001731	Molluscum contagiosum virus subtype 1	163	20	1.23
NC_023863	Vibrio phage CHOED	91	170	12.09
NC_022774	Bacillus phage Slash	111	34	9.91
NC_024303	Bovine gammaherpesvirus 6	79	13	5.06
NC_020867	Synechococcus phage S-RIP1	55	222	23.64
NC_021343	Burkholderia phage ST79	49	42	28.57
NC_021326	Staphylococcus phage StauST398-1	69	9	5.80
NC_011273	Mycobacterium phage Myrna	229	143	8.30
NC_020858	Sulfitobacter phage pCB2047-A	72	190	20.83
NC_005859	Escherichia virus T5	162	108	17.90
NC_015463	Synechococcus phage S-CBS2	102	201	30.39
NC_002185	Streptococcus phage 7201	46	14	13.04
NC_019423	Escherichia phage IME11	91	61	32.97
NC_000935	Hamiltonella virus APSE1	54	98	18.52
NC_023570	Acinetobacter phage Petty	45	16	11.11
NC_002229	Gallid alphaherpesvirus 2	85	6	3.53
NC_011335	Diadromus pulchellus ascovirus 4a	119	161	10.08
NC_011613	Pseudomonas phage MP29	51	7	11.76
NC_020874	Prochlorococcus phage P-SSP3	53	44	22.64
NC_019486	Lactobacillus phage LF1	57	26	7.02
NC_025438	Mycobacterium phage Soto	98	17	7.14
NC_004166	Bacillus phage SPP1	97	117	7.22
NC_004777	Yersinia phage phiA1122	50	64	16.00
NC_008694	Yersinia phage Berlin	45	50	11.11
NC_023599	Bacillus phage phiCM3	56	37	7.14
NC_015289	Synechococcus phage S-SSM5	225	796	36.89
NC_008035	Antheraea pernyi nucleopolyhedrovirus	147	11	1.36
NC_019487	Bacillus phage SP-10	236	156	6.36
NC_016570	Escherichia phage Cba120	204	34	7.84
NC_019540	Salinivibrio phage CW02	70	53	24.29
NC_018086	Enterococcus phage BC611	87	37	9.20
NC_023573	Staphylococcus phage phiSA12	207	56	5.31
NC_001348	Human alphaherpesvirus 3	73	37	4.11
NC_022756	Lactobacillus phage J-1	63	21	15.87
NC_023709	Mycobacterium phage Wile	85	125	20.00
NC_003085	Myxococcus phage Mx8	86	115	15.12
NC_025427	Rhizobium phage vB_RleM_PPF1	94	20	7.45
NC_016770	Bacteroides phage B124-14	68	87	11.76
NC_004820	Bacillus phage phBC6A51	75	7	6.67
NC_015263	Lactococcus phage 949	154	107	10.39
NC_011810	Pseudomonas phage PB1	93	229	83.87
NC_017980	Clostridium phage phiCP7R	26	26	7.69
NC_004821	Bacillus phage phBC6A52	49	10	4.08
NC_002519	Roseobacter phage SIO1	32	188	46.88
NC_001720	Fowl aviadenovirus A	39	6	2.56
NC_023697	Mycobacterium phage Babsiella	78	75	11.54
NC_004588	Streptococcus phage 315.5	55	10	10.91
NC_021854	Lactococcus phage jm3	52	20	3.85
NC_023711	Mycobacterium phage Oline	101	16	6.93
NC_007448	Grapevine leafroll-associated virus 2	9	31	11.11
NC_009334	Human herpesvirus 4 type 2	80	17	3.75
NC_023581	Acinetobacter phage Presley	95	52	11.58
NC_020474	Elephantid betaherpesvirus 1	113	8	0.88
NC_023702	Mycobacterium phage Kugel	95	30	9.47
NC_019704	Enterobacteria phage mEp237	63	19	14.29
NC_001650	Equid gammaherpesvirus 2	78	39	6.41
NC_019782	Lactobacillus phage phiAQ113	56	20	10.71
NC_015230	Maverick-related virus strain Spezl	20	7	10.00
NC_001954	Enterobacteria phage If1	10	9	20.00
NC_005822	Lactococcus phage phiLC3	51	8	7.84
NC_025464	Synechococcus phage S-CBP4	46	132	26.09
NC_019722	Vibrio phage vB_VpaM_MAR	62	34	16.13
NC_020835	Prochlorococcus phage P-SSP10	49	23	26.53
NC_002167	Escherichia virus HK97	61	69	19.67
NC_007767	Hyphantria cunea nucleopolyhedrovirus	148	10	1.35
NC_014766	Ostreococcus lucimarinus virus 1	250	846	37.60
NC_022966	Pseudomonas phage PAK_P5	164	59	9.15
NC_021858	Pandoravirus dulcis	1487	593	3.09
NC_009234	Burkholderia virus phiE202	48	20	25.00
NC_002512	Rat cytomegalovirus Maastricht	167	5	1.20
NC_002014	Enterobacteria phage Ike	10	9	10.00
NC_002486	Staphylococcus prophage phiPV83	65	44	13.85
NC_021299	Mycobacterium phage PegLeg	138	55	10.14
NC_015568	Clostridium phage phiCD38-2	55	14	7.27
NC_008720	Escherichia phage N4	72	62	41.67
NC_024383	Listeria phage LP-083-2	189	50	6.35
NC_009760	Bacillus phage 0305phi8-36	246	278	6.91
NC_008293	Clanis bilineata nucleopolyhedrovirus	129	6	3.10
NC_007055	Staphylococcus phage 37	70	16	8.57
NC_021300	Pseudoalteromonas phage RIO-1	56	42	16.07
NC_019444	Synechococcus phage ACG-2014c	225	705	37.33
NC_025443	Salmonella phage 9NA	84	50	8.33
NC_009821	Enterobacteria phage Phi1	276	79	9.42
NC_011038	Yersinia phage Yepe2	46	38	8.70
NC_016763	Salmonella phage SE2	61	35	21.31
NC_007856	Enterobacteria phage ID18 sensu lato	11	10	72.73
NC_003157	Temperate phage phiNIH1.1	56	101	10.71
NC_021248	Choristoneura biennis entomopoxvirus	334	39	3.89
NC_019520	Escherichia phage phiKT	31	39	41.94
NC_021297	Mycobacterium phage PattyP	92	56	10.87
NC_023742	Mycobacterium phage Akoma	104	55	5.77
NC_004066	Lactococcus phage ul36	61	12	6.56
NC_024378	Leuconostoc phage phiLNTR3	41	7	4.88
NC_010155	Acidianus filamentous virus 3	68	2	2.94
NC_011611	Pseudomonas phage MP38	51	9	13.73
NC_006552	Pseudomonas phage F116	70	81	22.86
NC_012741	Enterobacteria phage JS10	265	73	10.19
NC_024214	Lactococcus phage P162	82	1	1.22
NC_022917	Ralstonia phage RSB3	50	22	12.00
NC_005340	Salmonella virus PsP3	42	11	19.05
NC_015292	Erwinia phage phiEa104	118	49	7.63
NC_021855	Lactococcus phage phi7	57	23	7.02
NC_011057	Mycobacterium phage Phaedrus	98	52	6.12
NC_004348	Salmonella phage ST64T	65	70	13.85
NC_009231	Clostridium virus phiC2	82	34	9.76
NC_023691	Mycobacterium phage Patience	109	33	2.75
NC_023739	Mycobacterium phage BillKnuckles	86	32	9.30
NC_014660	Acinetobacter phage Ac42	255	96	12.16
NC_014901	Mycobacterium phage Wee	108	53	8.33
NC_009898	Paramecium bursaria Chlorella virus NY2A	886	676	11.06
NC_018274	Pseudomonas phage MP42	53	8	11.32
NC_012740	Escherichia phage JSE	277	88	11.19
NC_005284	Burkholderia virus phi1026b	83	129	22.89
NC_007065	Staphylococcus phage X2	77	50	9.09
NC_004667	Grapevine leafroll-associated virus 3	12	33	8.33
NC_019910	Salmonella phage SKML-39	208	57	11.06
NC_008464	Stx2-converting phage 86	81	49	13.58
NC_005356	Staphylococcus phage 77	69	21	7.25
NC_002667	Lactococcus phage bIL286	61	6	4.92
NC_004927	Halovirus HF1	102	19	6.86
NC_007022	Aeromonas virus 31	247	192	12.96
NC_009804	Thermus phage P7426	116	136	6.03
NC_021471	Halovirus HSTV-1	53	11	1.89
NC_021785	Listeria phage LP-110	113	24	2.65
NC_009992	Plum bark necrosis stem pitting-associated virus	7	12	14.29
NC_022746	Pseudomonas phage MPK6	50	10	6.00
NC_005886	Burkholderia phage BcepB1A	73	22	13.70
NC_005884	Pseudomonas phage PaP2	58	4	5.17
NC_024139	Escherichia phage vB_EcoS_FFH1	156	102	16.03
NC_020079	Escherichia phage phAPEC8	269	249	7.06
NC_019718	Enterobacteria phage vB_EcoS_Rogue1	74	33	9.46
NC_020863	Vibrio phage PWH3a-P1	209	102	8.61
NC_014460	Staphylococcus phage Sap26	63	1	1.59
NC_023007	Bacillus phage vB_BanS-Tsamsa	272	180	8.46
NC_004687	Mycobacterium phage Bxz1	225	100	6.67
NC_004466	Pseudomonas phage PaP3	72	199	12.50
NC_018281	Staphylococcus phage Ipla5	66	42	10.61
NC_007061	Staphylococcus phage 29	67	17	5.97
NC_019446	Brucella phage Tb	58	95	20.69
NC_011056	Mycobacterium phage Kostya	143	104	8.39
NC_022749	Shigella phage SfIV	54	145	27.78
NC_012784	Staphylococcus phage phiPVL-CN125	65	30	7.69
NC_019452	Escherichia phage PhaxI	209	29	6.70
NC_015262	Clostridium phage phiCD6356	59	2	3.39
NC_008030	Nile crocodilepox virus	173	6	0.58
NC_001836	Little cherry virus 1	8	18	12.50
NC_005887	Burkholderia virus BcepC6B	46	98	34.78
NC_012910	Lettuce chlorosis virus	10	27	10.00
NC_022057	Mycobacterium phage Catdawg	128	33	3.91
NC_021530	Synechococcus phage S-CAM8	204	659	37.25
NC_016562	Campylobacter virus CPX	149	43	12.75
NC_021307	Mycobacterium phage Severus	80	130	18.75
NC_019911	Yersinia phage phi80-18	55	32	18.18
NC_026611	Edwardsiella phage GF-2	82	46	8.54
NC_013197	Thermus thermophilus bacteriophage P23-77	37	15	8.11
NC_022068	Mycobacterium phage Daenerys	102	107	11.76
NC_020852	Ostreococcus lucimarinus virus OlV5	251	840	35.06
NC_010147	Staphylococcus phage phiMR11	67	23	7.46
NC_022990	Zamilon virus	20	6	15.00
NC_018275	Salmonella phage vB_SemP_Emek	70	53	11.43
NC_009817	Lactococcus virus KSY1	130	7	3.08
NC_011044	Mycobacterium phage Nigel	94	27	7.45
NC_011019	Mycobacterium phage KBG	89	52	6.74
NC_009543	Xanthomonas phage Xop411	58	94	34.48
NC_019529	Vibrio phage pVp-1	157	75	12.74
NC_024124	Escherichia phage vB_EcoM_JS09	273	128	10.99
NC_022750	Enterobacteria phage fiAA91-ss	40	26	25.00
NC_008200	Mycobacterium phage PLot	89	38	2.25
NC_024455	Yerba mate alphaendornavirus	1	1	100.00
NC_001806	Human alphaherpesvirus 1	77	16	3.90
NC_005345	Streptomyces phage VWB	61	9	8.20
NC_001623	Autographa californica nucleopolyhedrovirus	156	7	0.64
NC_007805	Pseudomonas phage F10	63	115	12.70
NC_019928	Helicobacter phage KHP30	30	10	10.00
NC_023716	Mycobacterium virus Alma	96	102	12.50
NC_022772	Salmonella phage Marshall	205	42	9.76
NC_015249	Enterobacteria phage 285P	47	49	8.51
NC_020842	Cellulophaga phage phiST	104	133	14.42
NC_019454	Pantoea phage LIMElight	55	3	3.64
NC_004902	Xanthomonas phage Xp10	60	92	36.67
NC_019445	Escherichia phage TL-2011b	57	80	22.81
NC_018846	Escherichia phage P13374	79	39	17.72
NC_028894	Escherichia phage vB_EcoM_VR20	286	65	8.39
NC_025430	Escherichia phage vB_EcoM-ep3	51	94	31.37
NC_019408	Caulobacter virus Rogue	350	176	8.86
NC_008366	Strawberry chlorotic fleck-associated virus	10	15	10.00
NC_021532	Alteromonas phage vB_AmaP_AD45-P1	120	66	7.50
NC_010153	Acidianus filamentous virus 7	57	1	1.75
NC_011318	Clostridium phage phiCP39-O	62	38	12.90
NC_021324	Mycobacterium phage CASbig	97	32	6.19
NC_015252	Brochothrix phage NF5	58	31	8.62
NC_010116	Pseudomonas phage YuA	77	156	24.68
NC_025465	Enterococcus phage EfaCPT1	69	16	8.70
NC_001335	Mycobacterium phage L5	90	50	12.22
NC_001502	Moloney murine sarcoma virus	4	10	25.00
NC_007060	Staphylococcus phage 55	77	4	2.60
NC_004680	Mycobacterium phage Che8	112	24	4.46
NC_021799	Cellulophaga phage phi19:1	114	77	16.67
NC_022329	Mycobacterium phage PhrostyMug	97	42	7.22
NC_019929	Erwinia phage phiEaH2	262	57	2.67
NC_011588	Oryctes rhinoceros nudivirus	139	3	1.44
NC_024213	Bacillus phage Hakuna	294	22	3.40
NC_019420	Edwardsiella phage KF-1	48	37	8.33
NC_016657	Cyanophage 9515-10a	55	77	29.09
NC_009762	Staphylococcus phage tp310-2	67	66	14.93
NC_025451	Yersinia phage vB_YenP_AP5	45	45	13.33
NC_023603	Mycobacterium phage 39HC	100	28	4.00
NC_007054	Staphylococcus phage 47	65	70	15.38
NC_023578	Mycobacterium phage Oaker	92	24	3.26
NC_023564	Mycobacterium phage EagleEye	95	103	11.58
NC_021868	Streptococcus phage SPQS1	104	36	4.81
NC_022980	Brevibacillus phage Davies	94	22	11.70
NC_020083	Serratia phage phiMAM1	198	64	13.64
NC_012697	Silicibacter phage DSS3phi2	81	41	25.93
NC_011290	Mycobacterium phage Gumball	88	38	2.27
NC_022061	Mycobacterium phage KayaCho	95	30	5.26
NC_022974	Pseudomonas phage CHA_P1	166	58	8.43
NC_008724	Acanthocystis turfacea Chlorella virus 1	860	938	11.16
NC_023562	Mycobacterium phage BellusTerra	89	125	15.73
NC_024147	Mycobacterium phage ZoeJ	92	15	10.87
NC_004665	Pseudomonad phage gh-1	42	27	16.67
NC_022769	Bacillus phage BigBertha	291	88	5.15
NC_019404	Escherichia phage vB_Eco_ACG-M12	78	37	10.26
NC_001956	Vibrio phage fs2	9	5	11.11
NC_018839	Propionibacterium phage P14.4	47	4	6.38
NC_005355	Lactobacillus prophage Lj965	46	6	10.87
NC_004617	Staphylococcus phage 13	49	31	12.24
NC_023692	Mycobacterium phage BigNuz	82	38	6.10
NC_025257	Erinnyis ello granulovirus	130	4	1.54
NC_007653	Papiine alphaherpesvirus 2	75	23	4.00
NC_028672	Cronobacter phage PBES 02	270	90	9.26
NC_010179	Lactobacillus prophage Lj771	56	39	5.36
NC_005260	Aeromonas virus Aeh1	352	140	9.66
NC_009551	Phormidium phage Pf-WMP3	41	34	9.76
NC_022985	Mycobacterium phage Zaka	101	97	13.86
NC_021864	Puniceispirillum phage HMO-2011	74	666	56.76
NC_024446	Penguinpox virus	242	32	3.31
NC_010463	Salmonella phage Fels-2	47	37	21.28
NC_017674	Pseudomonas phage JG024	93	225	77.42
NC_023442	Buzura suppressaria nucleopolyhedrovirus	127	3	1.57
NC_006356	Flavobacterium phage 11b	65	165	47.69
NC_009604	Burkholderia virus BcepNY3	70	37	11.43
NC_024788	Bacillus phage Riley	290	101	5.52
NC_019705	Enterobacteria phage mEpX2	67	76	20.90
NC_022056	Mycobacterium phage Hamulus	105	72	8.57
NC_015210	Tsukamurella phage TPA2	78	14	6.41
NC_024792	Bacillus phage Bobb	247	128	8.10
NC_005342	Burkholderia virus Bcep43	65	38	13.85
NC_019407	Caulobacter virus Magneto	347	155	8.65
NC_013697	Deftia phage phiW-14	236	175	6.36
NC_016566	Shigella phage EP23	57	30	15.79
NC_011103	Rhizobium phage 16-3	110	128	17.27
NC_007291	Escherichia phage Jk06	82	32	7.32
NC_007501	Lactobacillus phage Lc-Nu	51	44	13.73
NC_020856	Sulfitobacter phage pCB2047-C	73	190	20.55
NC_018271	Nonlabens phage P12024S	59	185	44.07
NC_021328	Halovirus HGTV-1	281	116	3.91
NC_023856	Salmonella phage vB_SalM_SJ2	197	37	11.17
NC_023743	Escherichia phage EB49	74	60	14.86
NC_007058	Staphylococcus phage ROSA	74	12	6.76
NC_016436	Grapevine leafroll-associated virus 7	10	15	10.00
NC_009819	Streptococcus phage P9	53	56	13.21
NC_009763	Staphylococcus phage tp310-3	58	30	10.34
NC_022052	Mycobacterium phage Whirlwind	128	40	8.59
NC_021333	Phaeocystis globosa virus virophage	16	25	25.00
NC_025442	Salmonella phage Chi	75	35	13.33
NC_022970	Pseudomonas phage PAK_P3	165	58	9.09
NC_015284	Prochlorococcus phage P-HM2	242	641	28.10
NC_001659	African swine fever virus	152	24	7.24
NC_015326	Lausannevirus	444	155	5.86
NC_019726	Staphylococcus phage JD007	217	51	4.61
NC_021860	Lactococcus phage jm2	59	20	3.39
NC_019406	Caulobacter phage CcrColossus	448	322	9.38
NC_019933	Xanthomonas phage CP1	47	68	36.17
NC_006953	Listonella phage phiHSIC	47	44	12.77
NC_005135	Aeromonas virus 44RR2	252	193	11.51
NC_002649	Bacillus virus GA1	35	3	2.86
NC_022753	Mycobacterium phage Fredward	103	49	8.74
NC_017826	Equid alphaherpesvirus 8	81	24	3.70
NC_021320	Halovirus HRTV-5	118	13	4.24
NC_019542	Pectobacterium phage PP1	48	27	16.67
NC_023613	Invertebrate iridovirus 25	177	187	11.30
NC_020859	Synechococcus phage S-RIM2 R1_1999	210	648	36.19
NC_019530	Salmonella phage Sh19	166	38	10.24
NC_019403	Enterobacteria phage vB_EcoP_ACG-C91	56	26	16.07
NC_021865	Paenibacillus phage phiIBB_Pl23	68	37	14.71
NC_004313	Salmonella phage ST64B	56	97	19.64
NC_008094	Y73 sarcoma virus	1	1	100.00
NC_024123	Pseudomonas phage KPP25	88	128	9.09
NC_016659	Cyanophage NATL2A-133	62	43	19.35
NC_021556	Mycobacterium phage Leo	59	22	10.17
NC_017973	Mycobacterium phage SWU1	94	46	11.70
NC_024786	Escherichia phage vB_EcoP_PhAPEC5	83	63	36.14
NC_006998	Vaccinia virus	223	108	3.14
NC_014036	Klebsiella phage KP15	258	93	13.18
NC_009899	Paramecium bursaria Chlorella virus AR158	814	927	11.18
NC_021529	Vibrio phage nt-1	405	238	13.83
NC_021852	Lactococcus phage P680	49	18	4.08
NC_006557	Bacillus phage BCJA1c	58	25	12.07
NC_009237	Burkholderia virus phiE255	55	41	16.36
NC_001901	Escherichia virus N15	60	22	15.00
NC_006273	Human betaherpesvirus 5	169	3	0.59
NC_019935	Pseudomonas phage KPP12	88	220	82.95
NC_010356	Glossina pallidipes salivary gland hypertrophy virus	160	13	1.88
NC_012418	Pseudomonas phage phikF77	53	10	5.66
NC_022091	Pseudomonas phage MPK7	53	10	5.66
NC_017978	Clostridium phage PhiS63	43	28	6.98
NC_014567	Saimiriine alphaherpesvirus 1	70	18	1.43
NC_009987	Spiroplasma virus SkV1CR23x	13	2	7.69
NC_031001	Gordonia phage Terapin	97	48	4.12
NC_016653	Rhodococcus phage RER2	66	51	15.15
NC_017983	Salisaeta icosahedral phage 1	57	34	5.26
NC_020862	Sulfitobacter phage phiCB2047-B	75	56	29.33
NC_021538	Mycobacterium phage Job42	106	43	7.55
NC_028925	Escherichia phage vB_EcoM_VR25	293	62	8.53
NC_002661	Staphylococcus phage Slt	61	34	11.48
NC_007024	Xanthomonas phage Xp15	84	91	11.90
NC_010391	Salmonella phage Fels-1	52	63	19.23
NC_006294	Vibrio phage KSF1	12	1	8.33
NC_024380	Leuconostoc phage phiLN6B	39	3	2.56
NC_001350	Saimiriine gammaherpesvirus 2	76	26	7.89
NC_010807	Salmonella phage phiSG-JL2	55	71	10.91
NC_019489	Lactobacillus phage Sha1	58	3	1.72
NC_021246	Mythimna separata entomopoxvirus 'L'	306	10	2.29
NC_026922	Lambdina fiscellaria nucleopolyhedrovirus	137	50	4.38
NC_019923	Pseudomonas phage AF	65	96	24.62
NC_011267	Mycobacterium phage Solon	86	31	8.14
NC_023727	Mycobacterium phage Vista	101	16	6.93
NC_023700	Pseudomonas phage PA1phi	51	6	9.80
NC_018853	Streptomyce phage TG1	54	56	9.26
NC_014649	Acanthamoeba polyphaga mimivirus	979	1102	9.40
NC_004778	Choristoneura fumiferana multiple nucleopolyhedrovirus	146	8	0.68
NC_024140	Pseudomonas phage vB_PaeP_C2-10_Ab09	83	41	22.89
NC_024356	Enterococcus phage IME-EFm1	70	18	10.00
NC_010576	Lactococcus phage 1706	76	6	1.32
NC_008515	Enterobacteria phage RB32	270	92	10.74
NC_009333	Human gammaherpesvirus 8	86	38	3.49
NC_023735	Rhodococcus phage ReqiPepy6	107	16	2.80
NC_022335	Propionibacterium phage PHL067M10	45	3	4.44
NC_008211	Ranid herpesvirus 1	132	4	0.76
NC_015584	Mycobacterium phage Faith1	129	28	6.98
NC_007902	Sodalis phage phiSG1	47	81	25.53
NC_016563	Bacillus phage W.Ph.	274	42	5.47
NC_024137	Bacillus phage Bcp1	229	144	7.42
NC_022981	Mycobacterium phage HufflyPuff	146	131	8.22
NC_022070	Mycobacterium phage Wheeler	96	53	9.38
NC_024369	Vibrio phage X29	67	101	17.91
NC_003216	Listeria phage A118	72	13	6.94
NC_024360	Listeria phage LMSP-25	187	49	6.42
NC_022764	Bacillus phage Page	50	72	14.00
NC_022776	Streptococcus phage TP-778L	52	14	5.77
NC_023572	Mycobacterium phage MichelleMyBell	70	38	12.86
NC_019711	Enterobacteria phage HK629	69	51	15.94
NC_020864	Micromonas pusilla virus 12T	253	821	35.57
NC_025439	Idiomarinaceae phage 1N2-2	56	160	30.36
NC_002669	Lactococcus phage bIL310	29	2	3.45
NC_018840	Propionibacterium phage P100_1	47	5	6.38
NC_007341	Tomato chlorosis virus	9	11	11.11
NC_007050	Staphylococcus phage 85	71	39	8.45
NC_023555	Edwardsiella phage eiAU-183	54	48	24.07
NC_003444	Enterobacteria phage SfV	53	99	28.30
NC_005905	Neodiprion sertifer nucleopolyhedrovirus	90	1	1.11
NC_002072	Streptococcus phage DT1	45	12	13.33
NC_016073	Salmonella phage SFP10	201	35	8.46
NC_028987	Acinetobacter phage vB_AbaM_IME200	52	18	9.62
NC_020104	Acanthamoeba polyphaga moumouvirus	894	1121	10.96
NC_015281	Synechococcus phage S-ShM2	230	561	32.61
NC_003225	White spot syndrome virus	177	32	2.26
NC_015296	Salmonella phage ViI	208	36	9.13
NC_023576	Citrobacter phage CR44b	57	52	21.05
NC_006966	Deerpox virus W-848-83	169	24	3.55
NC_019401	Cronobacter phage vB_CsaM_GAP32	545	708	14.50
NC_011183	Feldmannia species virus	150	154	11.33
NC_004831	Enterobacteria phage SP6	52	20	13.46
NC_021306	Mycobacterium phage Dumbo	147	132	7.48
NC_003793	Spiroplasma phage 1-C74	13	2	7.69
NC_029311	Leporid alphaherpesvirus 4	79	19	3.80
NC_022341	Propionibacterium phage PHL113M01	44	3	4.55
NC_002628	Methanothermobacter phage psiM100	37	49	10.81
NC_004615	Staphylococcus phage 11	53	16	5.66
NC_019917	Burkholderia virus Bcepmigl	75	84	26.67
NC_022768	Salmonella phage Maynard	200	42	10.00
NC_022340	Propionibacterium phage PHL114L00	46	4	6.52
NC_023551	Enterococcus phage IME-EF4	60	20	13.33
NC_020849	Pseudoalteromonas phage pYD6-A	99	56	19.19
NC_006146	Macacine gammaherpesvirus 4	80	16	3.75
NC_002747	Lactococcus phage TP901-1	56	44	14.29
NC_022336	Propionibacterium phage PHL010M04	45	3	4.44
NC_023595	Enterococcus phage IME_EF3	69	27	10.14
NC_007923	Finch polyomavirus	6	4	33.33
NC_020480	Bacillus virus Finn	77	100	7.79
NC_004062	Phthorimaea operculella granulovirus	130	3	0.77
NC_017971	Pseudomonas phage tf	72	208	15.28
NC_005336	Orf virus	130	7	1.54
NC_014792	Escherichia phage vB_EcoM_VR7	293	76	9.56
NC_022085	Mycobacterium phage Goku	143	130	7.69
NC_001706	Lactococcus virus c2	39	5	2.56
NC_020879	Aeromonas phage Aes012	243	115	13.58
NC_018273	Leuconostoc phage Lmd1	40	4	2.50
NC_008361	Spodoptera frugiperda ascovirus 1a	123	9	3.25
NC_011614	Staphylococcus phage Ipla88	60	41	8.33
NC_015157	Vibrio phage ICP1	230	36	6.52
NC_011344	Staphylococcus phage phi2958PVL	60	66	16.67
NC_022646	Clostera anastomosis granulovirus Henan	122	1	0.82
NC_016651	Rhodococcus phage RRH1	20	10	20.00
NC_001499	Abelson murine leukemia virus	3	1	33.33
NC_002666	Lactococcus phage bIL285	62	43	8.06
NC_011289	Mycobacterium phage Ramsey	108	101	7.41
NC_011045	Enterobacteria phage 13a	55	74	16.36
NC_002169	Spodoptera exigua multiple nucleopolyhedrovirus	139	13	2.16
NC_021791	Cellulophaga phage phi12:1	64	56	20.31
NC_016166	Gordonia phage GTE7	103	7	0.97
NC_019931	Helicobacter phage KHP40	32	21	6.25
NC_020840	Tetraselmis viridis virus S20	55	36	18.18
NC_025436	Shewanella sp. phage 1/4	235	37	4.26
NC_007066	Staphylococcus virus G1	214	44	5.61
NC_023694	Rhodococcus phage ReqiPoco6	107	17	3.74
NC_008181	Micromonas pusilla reovirus	1	1	100.00
NC_011048	Bacillus virus phi29	27	35	3.70
NC_022984	Mycobacterium phage Jovo	84	61	11.90
NC_022972	Arthrobacter phage vB_ArS-ArV2	68	96	8.82
NC_002668	Lactococcus phage bIL309	56	5	1.79
NC_020868	Vibrio phage VBP32	115	63	15.65
NC_007047	Staphylococcus phage 187	77	7	3.90
NC_023714	Mycobacterium phage LinStu	227	107	5.73
NC_004746	Lactococcus phage P335 sensu lato	49	21	8.16
NC_001900	Mycobacterium phage D29	79	50	13.92
NC_021782	Salmonella phage FSL SP-076	82	70	24.39
NC_007409	Acidianus two-tailed virus	72	2	1.39
NC_016162	Vibrio phage VCY-phi	11	1	9.09
NC_016569	Nocardia phage NBR1	68	19	7.35
NC_018174	Cucurbit chlorotic yellows virus	8	29	12.50
NC_025457	Acinetobacter phage vB_AbaP_Acibel007	53	16	13.21
NC_022328	Mycobacterium phage Adawi	98	27	6.12
NC_001844	Equid alphaherpesvirus 4	79	24	2.53
NC_023719	Bacillus virus G	675	1633	8.59
NC_022977	Mycobacterium phage Artemis2UCLA	102	103	12.75
NC_004584	Streptococcus phage 315.1	56	92	7.14
NC_024209	Mycobacterium phage Hawkeye	104	40	2.88
NC_021327	Halovirus HCTV-5	166	45	8.43
NC_022325	Mycobacterium phage Dylan	121	32	4.13
NC_005083	Vibrio phage KVP40	381	244	14.17
NC_028935	Escherichia phage SUSP2	131	41	12.21
NC_019924	Clostridium phage phi8074-B1	82	40	7.32
NC_011270	Mycobacterium phage Spud	222	102	6.31
NC_000866	Enterobacteria phage T4	278	84	12.95
NC_000924	Enterobacteria phage 933W	80	40	12.50
NC_019932	Erwinia phage ENT90	60	20	15.00
NC_019524	Enterobacter phage Enc34	80	24	11.25
NC_004333	Burkholderia virus Bcep781	66	38	13.64
NC_021773	Staphylococcus phage JS01	66	31	9.09
NC_013650	Mycobacterium phage ET08	218	104	6.88
NC_005832	Ambystoma tigrinum virus	95	85	12.63
NC_026014	Enterobacteria phage P88	53	55	13.21
NC_005261	Bovine alphaherpesvirus 5	70	23	1.43
NC_001416	Escherichia virus Lambda	73	42	13.70
NC_015398	Clostera anachoreta granulovirus	123	1	0.81
NC_021901	Invertebrate iridovirus 22	167	193	11.38
NC_006548	Pseudomonas phage B3	59	11	16.95
NC_005856	Escherichia virus P1	110	212	10.00
NC_023575	Pseudomonas phage vB_PaeP_Tr60_Ab31	69	185	27.54
NC_013288	Ostreococcus tauri virus 1	230	841	39.13
NC_020845	Prochlorococcus phage MED4-213	216	656	31.48
NC_023608	Salmonella phage vB_SenS-Ent2	56	33	21.43
NC_010325	Pseudomonas phage LUZ24	68	188	19.12
NC_001875	Orgyia pseudotsugata multiple nucleopolyhedrovirus	152	9	1.32
NC_008198	Mycobacterium phage PBI1	81	38	2.47
NC_001421	Salmonella virus PRD1	31	19	3.23
NC_011132	Sputnik virophage	21	5	14.29
NC_016765	Pseudomonas phage PMG1	96	163	17.71
NC_022337	Propionibacterium phage PHL071N05	45	3	4.44
NC_018857	Bacillus phage BPS13	268	26	3.36
NC_002641	Meleagrid alphaherpesvirus 1	79	9	3.80
NC_024785	Acinetobacter phage YMC-13-01-C62	84	144	10.71
NC_011055	Mycobacterium phage Porky	147	128	7.48
NC_021800	Cellulophaga phage phi46:1	54	31	12.96
NC_022062	Mycobacterium phage Trouble	94	41	7.45
NC_006938	Phage phiJL001	90	97	18.89
NC_010191	Ostreococcus tauri virus OtV5	247	817	36.84
NC_002796	Lactococcus phage BK5-T	63	7	4.76
NC_022088	Bacillus phage Troll	289	94	4.84
NC_021347	Rhodococcus phage E3	220	104	5.00
NC_004586	Streptococcus phage 315.3	52	3	3.85
NC_012662	Vibrio phage VP93	44	9	9.09
NC_021856	Bacillus phage phiNIT1	219	150	8.68
NC_015466	Roseobacter phage RDJL Phi 1	87	79	17.24
NC_024447	Pigeonpox virus	224	34	3.57
NC_021336	Bacillus phage MG-B1	42	11	4.76
NC_026017	Salmonella phage LSPA1	58	36	18.97
NC_019485	Enterobacter phage EcP1	77	40	19.48
NC_013691	Pseudomonas phage LUZ7	115	38	14.78
NC_005896	Strawberry pallidosis-associated virus	8	2	12.50
NC_019713	Vibrio phage vB_VpaS_MAR10	107	34	8.41
NC_010154	Acidianus filamentous virus 8	61	1	1.64
NC_016435	Gordonia phage GRU1	94	27	4.26
NC_018088	Colwellia phage 9A	149	21	6.71
NC_015464	Campylobacter virus NCTC12673	166	45	12.65
NC_021787	Listeria phage LP-037	114	25	2.63
NC_001824	Lymphocystis disease virus 1	110	72	9.09
NC_004303	Streptococcus phage O1205	57	7	7.02
NC_003214	Sulfolobus islandicus filamentous virus	73	7	2.74
NC_018083	Clostridium phage phiCPV4	28	26	7.14
NC_015454	Propionibacterium phage PAD20	45	3	4.44
NC_020483	Pelagibacter phage HTVC019P	59	212	42.37
NC_026927	Synechococcus phage ACG-2014f	292	840	29.79
NC_007808	Pseudomonas phage PA11	70	143	37.14
NC_015453	Propionibacterium phage PAS50	46	4	6.52
NC_008364	Lactococcus phage Q54	47	38	6.38
NC_019495	Cyprinid herpesvirus 2	154	44	3.25
NC_023862	Mycobacterium phage Alsfro	98	32	8.16
NC_021798	Cellulophaga phage phi17:2	198	68	10.10
NC_005262	Burkholderia virus Bcep22	77	120	31.17
NC_014969	Fowl aviadenovirus E	46	2	2.17
NC_007637	Escherichia virus K1E	62	27	16.13
NC_022757	Lactobacillus phage PL-1	59	21	16.95
NC_024371	Mycobacterium phage Damien	93	24	3.23
NC_019724	Escherichia phage HK578	60	35	15.00
NC_021316	Acinetobacter phage Abp1	54	25	14.81
NC_007063	Staphylococcus phage 88	66	29	7.58
NC_007059	Staphylococcus phage 71	67	22	4.48
NC_023611	Invertebrate iridescent virus 30	177	190	11.30
NC_018837	Pectobacterium phage My1	149	89	14.77
NC_021557	Rhizobium phage RR1-B	52	4	7.69
NC_015937	Thermus phage TMA	168	110	5.95
NC_029132	Macropodid alphaherpesvirus 1	76	55	7.89
NC_019720	Enterobacterial phage mEp213	74	76	14.86
NC_001418	Pseudomonas phage Pf3	9	11	11.11
NC_023717	Cronobacter phage CR9	281	73	8.54
NC_021781	Listeria phage LP-125	189	50	6.35
NC_003288	Staphylococcus phage phiETA	66	6	4.55
NC_008370	Lactococcus virus 712	55	21	3.64
NC_012884	Streptococcus phage M102	41	8	12.20
NC_022054	Mycobacterium phage Muddy	71	26	5.63
NC_003529	Mamestra configurata nucleopolyhedrovirus A	169	21	2.96
NC_023688	Aeromonas phage PX29	330	141	10.61
NC_021867	Flavobacterium phage 6H	63	76	12.70
NC_024205	Bacillus phage Hoody T	270	71	5.19
NC_024363	Mycobacterium phage Manad	101	14	7.92
NC_021776	Vibrio phage VPMS1	53	24	11.32
NC_022967	Pseudomonas phage PAK_P2	176	85	11.93
NC_028891	Hawaiian green turtle herpesvirus	15	2	6.67
NC_024388	Leuconostoc phage phiLN34	41	7	4.88
NC_024392	Listeria phage LP-114	116	30	3.45
NC_004664	Streptomyces phage phiBT1	55	89	10.91
NC_024696	Elephant endotheliotropic herpesvirus 5	115	9	1.74
NC_008689	Staphylococcus phage Pvl108	59	31	11.86
NC_020876	Mycobacterium phage First	95	67	8.42
NC_010326	Pseudomonas phage LUZ19	54	11	7.41
NC_016417	Grapevine leafroll-associated virus 6	6	33	16.67
NC_021562	Vibrio phage VFJ	12	5	8.33
NC_003401	Macacine gammaherpesvirus 5	89	35	4.49
NC_018854	Escherichia phage ECBP1	82	55	34.15
NC_021772	Salmonella phage FSL SP-058	86	74	24.42
NC_004084	Natrialba phage PhiCh1	98	66	4.08
NC_009382	Ralstonia phage RSA1	51	38	23.53
NC_019490	Riemerella phage RAP44	80	50	13.75
NC_002730	Salmonella phage HK620	58	69	12.07
NC_014467	Enterobacteria phage RB16	270	101	12.59
NC_024787	Listeria phage LMTA-148	177	35	9.04
NC_009878	Mycobacterium phage Bethlehem	87	32	9.20
NC_004735	Rhodothermus phage RM378	146	110	10.27
NC_002703	Lactococcus phage Tuc2009	56	47	16.07
NC_011043	Klebsiella phage K11	51	48	13.73
NC_008585	Raspberry leaf mottle virus	10	6	10.00
NC_022973	Mycobacterium phage Conspiracy	86	54	11.63
NC_016650	Rhodococcus phage RGL3	66	68	10.61
NC_024771	Equid alphaherpesvirus 3	80	21	2.50
NC_023728	Mycobacterium phage DeadP	106	22	6.60
NC_008196	Mycobacterium phage Llij	100	33	10.00
NC_019516	Cyanophage S-TIM5	180	255	17.78
NC_007023	Enterobacteria phage RB43	292	100	12.67
NC_023740	Mycobacterium phage JacAttac	102	17	7.84
NC_022767	Bacillus phage Staley	113	26	9.73
NC_019505	Escherichia phage wV7	273	73	9.89
NC_011054	Mycobacterium phage Boomer	105	22	4.76
NC_025426	Staphylococcus phage P108	226	54	4.87
NC_004167	Bacillus phage phi105	51	20	17.65
NC_010945	Streptococcus phage PH15	60	13	8.33
NC_014635	Aeromonas phage phiAS4	271	119	11.81
NC_013590	Felid alphaherpesvirus 1	77	21	3.90
NC_023582	Staphylococcus phage vB_SepS_SEP9	129	86	12.40
NC_021073	Vibrio phage henriette 12B8	154	126	13.64
NC_021857	Shigella phage SfII	58	127	25.86
NC_023841	Dunaliella viridis virus SI2	51	77	19.61
NC_013646	Enterococcus phage phiFL1A	61	26	8.20
NC_009818	Pseudomonas phage MP22	51	5	9.80
NC_025421	Lactobacillus phage Ld3	49	12	16.33
NC_007497	Burkholderia phage Bcep176	81	49	19.75
NC_008799	Staphylococcus phage phiETA3	68	3	2.94
NC_004913	Escherichia Stx1 converting phage	167	48	5.99
NC_024793	Escherichia phage vB_EcoS_AHP42	76	41	9.21
NC_010105	Escherichia phage JS98	266	77	10.15
NC_004688	Mycobacterium phage Omega	237	227	9.28
NC_019539	Salmonella phage Ent1	58	33	20.69
NC_015280	Prochlorococcus phage P-HM1	241	649	29.46
NC_004302	Lactococcus phage r1t	50	9	6.00
NC_013649	Klebsiella phage KP34	57	20	17.54
NC_010811	Ralstonia phage phiRSL1	343	147	9.62
NC_022975	Mycobacterium phage HanShotFirst	91	54	12.09
NC_009540	Escherichia virus TLS	87	34	11.49
NC_005066	Enterobacteria phage RB49	279	81	10.04
NC_019416	Stenotrophomonas phage IME15	45	39	13.33
NC_023589	Shigella phage pSb-1	103	56	30.10
NC_005068	Cryptophlebia leucotreta granulovirus	128	5	2.34
NC_001987	Ateline gammaherpesvirus 3	71	32	5.63
NC_009990	Thalassomonas phage BA3	47	104	31.91
NC_007056	Staphylococcus phage EW	77	27	10.39
NC_025412	Melbournevirus	403	105	5.96
NC_015720	Gordonia phage GTE2	57	23	8.77
NC_015266	Burkholderia phage KL3	52	25	28.85
NC_019526	Enterobacteria phage vB_KleM-RaK2	534	559	11.42
NC_019715	Enterobacterial phage mEp234	61	50	19.67
NC_004689	Mycobacterium phage Barnyard	109	14	1.83
NC_023738	Mycobacterium phage Thibault	216	149	9.26
NC_004585	Streptococcus phage 315.2	60	21	10.00
NC_015272	Pseudomonas phage KPP10	158	58	9.49
NC_027016	Papio ursinus cytomegalovirus	84	5	2.38
NC_000871	Streptococcus phage Sfi19	45	11	11.11
NC_023687	Mycobacterium phage Bruns	96	35	10.42
NC_018832	Providencia phage Redjac	41	39	21.95
NC_018087	Acinetobacter phage ZZ1	256	115	12.11
NC_010392	Phage Gifsy-1	58	57	20.69
NC_025447	Escherichia phage 121Q	611	595	9.33
NC_028808	Escherichia phage SUSP1	139	49	12.23
NC_026923	Synechococcus phage ACG-2014d	218	679	33.94
NC_012530	Lactobacillus virus Lb338-1	199	39	6.03
NC_020484	Pelagibacter phage HTVC008M	198	1029	53.03
NC_004740	Staphylococcus phage phiN315	65	29	10.77
NC_023731	Mycobacterium phage Trixie	92	67	10.87
NC_001317	Escherichia virus 186	46	11	17.39
NC_008202	Mycobacterium phage Halo	64	22	9.38
NC_016071	Salmonella phage PVP-SE1	244	118	10.25
NC_020872	Cyanophage SS120-1	52	122	26.92
NC_021063	Mycobacterium phage vB_MapS_FF47	73	26	5.48
NC_022233	Suid betaherpesvirus 2	80	4	1.25
NC_025462	Acinetobacter phage vB_AbaM_Acibel004	156	59	8.97
NC_002794	Tupaiid betaherpesvirus 1	158	3	0.63
NC_023584	Synechococcus phage S-MbCM100	210	624	34.29
NC_021783	Salmonella phage iEPS5	73	31	12.33
NC_019541	Acinetobacter phage Bphi-B1251	62	63	12.90
NC_016762	Pseudomonas phage phi297	69	162	18.84
NC_007814	Bacillus phage Fah	50	22	12.00
NC_022331	Mycobacterium phage Bane1	94	24	6.38
NC_020878	Prochlorococcus phage P-GSP1	49	130	24.49
NC_016161	Pediococcus phage clP1	57	12	7.02
NC_004682	Mycobacterium phage Bxz2	86	77	9.30
NC_021792	Cellulophaga phage phi46:3	121	81	13.22
NC_022342	Propionibacterium phage PHL111M01	45	5	6.67
NC_004124	Sweet potato chlorotic stunt virus	7	14	14.29
NC_022986	Pseudomonas phage PAK_P4	172	83	11.63
NC_024143	Mycobacterium phage Lamina13	96	53	9.38
NC_022770	Bacillus phage Pony	48	72	14.58
NC_014461	Mycobacterium phage bron	123	43	8.13
NC_020850	Vibrio phage VBM1	56	9	10.71
NC_008296	Synechococcus phage syn9	226	692	30.97
NC_021330	Halovirus HCTV-1	160	53	6.25
NC_020869	Tetraselmis viridis virus S1	24	1	4.17
NC_003027	Lumpy skin disease virus NI-2490	156	36	4.49
NC_002362	Vibrio phage VfO3K6	10	1	10.00
NC_014663	Acinetobacter phage Acj9	253	75	13.04
NC_022072	Blackberry vein banding associated virus	11	34	9.09
NC_006063	Potato yellow vein virus	5	4	20.00
NC_009761	Staphylococcus phage tp310-1	59	35	13.56
NC_027981	Vibrio phage VP585	58	35	18.97
NC_023560	Oenococcus phage phiS13	54	23	7.41
NC_021317	Salmonella phage L13	28	26	25.00
NC_019934	Cronobacter phage ENT39118	38	83	42.11
NC_004685	Mycobacterium phage Corndog	122	38	4.92
NC_013668	Anguillid herpesvirus 1	134	30	2.99
NC_013059	Salmonella phage g341c	68	79	10.29
NC_005065	Little cherry virus 2	10	32	10.00
NC_008291	Taterapox virus	225	119	4.00
NC_019500	Enterobacteria phage Bp7	263	85	10.65
NC_012753	Streptococcus phage 5093	48	23	8.33
NC_022976	Mycobacterium phage Nala	147	136	8.16
NC_019414	Streptomyces phage R4	86	43	8.14
NC_014459	Mycobacterium phage CrimD	95	21	7.37
NC_013936	Mycobacterium virus Ardmore	87	18	6.90
NC_003524	Clostridium phage phi3626	50	70	14.00
NC_015569	Synechococcus phage S-CRM01	297	354	21.55
NC_022754	Salmonella phage SETP7	67	44	19.40
NC_007346	Emiliania huxleyi virus 86	472	252	4.66
NC_017968	Staphylococcus phage TEM123	43	14	6.98
NC_023722	Rhodococcus phage ReqiPine5	84	24	10.71
NC_007603	Escherichia virus Rtp	75	43	8.00
NC_021298	Streptomyces phage Lika	75	189	12.00
NC_018851	Propionibacterium phage ATCC29399B_C	46	4	6.52
NC_003298	Enterobacteria phage T3	55	79	12.73
NC_011104	Lactobacillus phage Lrm1	54	11	9.26
NC_021802	Cellulophaga phage phi10:1	106	81	18.87
NC_022762	Lactobacillus phage phiLdb	59	33	13.56
NC_023724	Mycobacterium phage Larva	97	37	9.28
NC_023730	Mycobacterium phage Redi	69	39	10.14
NC_005264	Psittacid alphaherpesvirus 1	77	9	2.60
NC_016165	Rhodobacter phage RcapMu	58	26	12.07
NC_023723	Mycobacterium phage Aeneas	99	48	8.08
NC_022979	Mycobacterium phage Graduation	97	51	10.31
NC_024364	Listeria phage List-36	174	44	6.90
NC_020205	Xanthomonas citri phage CP2	40	50	35.00
NC_012698	Cassava brown streak virus	2	4	50.00
NC_021308	Mycobacterium phage HINdeR	84	61	11.90
NC_022765	Bacillus virus Riggi	79	108	8.86
NC_005179	Yaba monkey tumor virus	140	37	3.57
NC_014789	Ostreococcus tauri virus 2	237	885	39.24
NC_009016	Vibrio phage VP882	71	29	12.68
NC_022791	Streptococcus phage phiBHN167	49	23	10.20
NC_014229	Streptomyces phage phiSASD1	43	22	18.60
NC_004683	Mycobacterium phage Che9c	84	9	4.76
